Steps,Total Reward,s2,s1,s3,s4
1,0.0,0.0,,,
2,0.0,0.0,,,
3,0.0,0.0,,,
4,-0.03,-0.03,,,
5,-0.08,-0.08,,,
6,-0.030000000000000013,-0.030000000000000013,,,
7,0.010000000000000009,0.010000000000000009,,,
8,-0.10999999999999999,-0.10999999999999999,,,
9,-0.010000000000000009,-0.010000000000000009,,,
10,0.14,0.14,,,
11,0.05,0.05,,,
12,-0.09,-0.09,,,
13,-0.12000000000000002,-0.12000000000000002,,,
14,-0.14999999999999997,-0.14999999999999997,,,
15,-0.14999999999999997,-0.14999999999999997,,,
16,-0.19000000000000006,-0.19000000000000006,,,
17,-0.28,-0.28,,,
18,-0.33000000000000007,-0.33000000000000007,,,
19,-0.34999999999999987,-0.34999999999999987,,,
20,-0.34999999999999987,-0.34999999999999987,,,
21,-0.38000000000000034,-0.38000000000000034,,,
22,-0.44999999999999973,-0.44999999999999973,,,
23,0.10999999999999988,0.10999999999999988,,,
24,0.41000000000000014,0.41000000000000014,,,
25,0.04999999999999982,0.04999999999999982,,,
26,0.1200000000000001,0.1200000000000001,,,
27,-0.10000000000000009,-0.10000000000000009,,,
28,-0.27,-0.27,,,
29,-0.2999999999999998,-0.2999999999999998,,,
30,-0.3600000000000003,-0.3600000000000003,,,
31,-0.3999999999999999,-0.3999999999999999,,,
32,-0.3999999999999999,-0.3999999999999999,,,
33,-0.4400000000000004,-0.4400000000000004,,,
34,-0.5099999999999998,-0.5099999999999998,,,
35,-0.5999999999999996,-0.5999999999999996,,,
36,-0.6400000000000006,-0.6400000000000006,,,
37,-0.6499999999999995,-0.6499999999999995,,,
38,-0.6699999999999999,-0.6699999999999999,,,
39,-0.71,-0.71,,,
40,-0.75,-0.75,,,
41,-0.75,-0.75,,,
42,-0.8100000000000005,-0.8100000000000005,,,
43,-0.8499999999999996,-0.8499999999999996,,,
44,-0.8499999999999996,-0.8499999999999996,,,
45,-0.9100000000000001,-0.9100000000000001,,,
46,-0.9500000000000011,-0.9500000000000011,,,
47,0.16000000000000014,0.16000000000000014,,,
48,1.42,1.42,,,
49,1.6400000000000006,1.6400000000000006,,,
50,0.14000000000000057,0.14000000000000057,,,
51,-0.45000000000000107,-0.45000000000000107,,,
52,-0.6799999999999997,-0.6799999999999997,,,
53,-0.8100000000000005,-0.8100000000000005,,,
54,-0.8999999999999986,-0.8999999999999986,,,
55,-0.9000000000000004,-0.9000000000000004,,,
56,-0.9700000000000006,-0.9700000000000006,,,
57,-1.0399999999999991,-1.0399999999999991,,,
58,-0.08999999999999986,-0.08999999999999986,,,
59,0.5300000000000011,0.5300000000000011,,,
60,2.509999999999998,2.509999999999998,,,
61,-0.2400000000000002,-0.2400000000000002,,,
62,-0.09999999999999964,-0.09999999999999964,,,
63,-0.5899999999999999,-0.5899999999999999,,,
64,-0.8599999999999994,-0.8599999999999994,,,
65,-0.3200000000000003,-0.3200000000000003,,,
66,0.2599999999999998,0.2599999999999998,,,
67,0.33000000000000007,0.33000000000000007,,,
68,-0.23000000000000043,-0.23000000000000043,,,
69,0.9100000000000001,0.9100000000000001,,,
70,-0.6600000000000001,-0.6600000000000001,,,
71,-0.4399999999999995,-0.4399999999999995,,,
72,-0.009999999999999787,-0.009999999999999787,,,
73,-0.08999999999999986,-0.08999999999999986,,,
74,0.47999999999999865,0.47999999999999865,,,
75,-0.46999999999999886,-0.46999999999999886,,,
76,-0.6699999999999999,-0.6699999999999999,,,
77,-0.8000000000000007,-0.8000000000000007,,,
78,-0.8500000000000014,-0.8500000000000014,,,
79,-0.4499999999999993,-0.4499999999999993,,,
80,-0.09999999999999787,-0.09999999999999787,,,
81,0.379999999999999,0.379999999999999,,,
82,-0.33000000000000185,-0.33000000000000185,,,
83,-0.11999999999999744,-0.11999999999999744,,,
84,-0.5899999999999999,-0.5899999999999999,,,
85,-0.6700000000000017,-0.6700000000000017,,,
86,-0.6999999999999993,-0.6999999999999993,,,
87,-0.7399999999999984,-0.7399999999999984,,,
88,-0.8500000000000014,-0.8500000000000014,,,
89,-0.9299999999999997,-0.9299999999999997,,,
90,-0.9699999999999989,-0.9699999999999989,,,
91,-0.33999999999999986,-0.33999999999999986,,,
92,0.2799999999999976,0.2799999999999976,,,
93,0.620000000000001,0.620000000000001,,,
94,0.25,0.25,,,
95,-0.14999999999999858,-0.14999999999999858,,,
96,-0.490000000000002,-0.490000000000002,,,
97,-0.7199999999999989,-0.7199999999999989,,,
98,-0.9100000000000001,-0.9100000000000001,,,
99,-0.9499999999999993,-0.9499999999999993,,,
100,-1.0200000000000031,-1.0200000000000031,,,
101,-0.5799999999999983,-0.5799999999999983,,,
102,-0.23999999999999844,-0.23999999999999844,,,
103,4.529999999999998,4.529999999999998,,,
104,-0.33999999999999986,-0.33999999999999986,,,
105,-0.41000000000000014,-0.41000000000000014,,,
106,-0.6799999999999997,-0.6799999999999997,,,
107,-0.9399999999999977,-0.9399999999999977,,,
108,-1.0,-1.0,,,
109,-0.4400000000000013,-0.4400000000000013,,,
110,0.21999999999999886,0.21999999999999886,,,
111,0.5700000000000003,0.5700000000000003,,,
112,-0.4400000000000013,-0.4400000000000013,,,
113,-0.639999999999997,-0.639999999999997,,,
114,-0.6799999999999997,-0.6799999999999997,,,
115,-0.990000000000002,-0.990000000000002,,,
116,-1.120000000000001,-1.120000000000001,,,
117,-1.1499999999999986,-1.1499999999999986,,,
118,-0.6099999999999994,-0.6099999999999994,,,
119,-0.030000000000001137,-0.030000000000001137,,,
120,0.28000000000000114,0.28000000000000114,,,
121,-0.39000000000000057,-0.39000000000000057,,,
122,-0.11999999999999744,-0.11999999999999744,,,
123,-0.6500000000000057,-0.6500000000000057,,,
124,-0.8799999999999955,-0.8799999999999955,,,
125,-0.45000000000000284,-0.45000000000000284,,,
126,0.05000000000000426,0.05000000000000426,,,
127,0.27999999999999403,0.27999999999999403,,,
128,-0.5399999999999991,-0.5399999999999991,,,
129,0.8400000000000034,0.8400000000000034,,,
130,-0.6899999999999977,-0.6899999999999977,,,
131,-0.9400000000000048,-0.9400000000000048,,,
132,-0.6299999999999955,-0.6299999999999955,,,
133,0.01999999999999602,0.01999999999999602,,,
134,-0.3399999999999963,-0.3399999999999963,,,
135,2.0700000000000003,2.0700000000000003,,,
136,4.559999999999995,4.559999999999995,,,
137,-0.2699999999999996,-0.2699999999999996,,,
138,-0.6899999999999977,-0.6899999999999977,,,
139,-0.75,-0.75,,,
140,-0.7600000000000016,-0.7600000000000016,,,
141,-0.8599999999999994,-0.8599999999999994,,,
142,-0.9500000000000028,-0.9500000000000028,,,
143,-1.0,-1.0,,,
144,-1.019999999999996,-1.019999999999996,,,
145,-0.4100000000000037,-0.4100000000000037,,,
146,0.0800000000000054,0.0800000000000054,,,
147,10.799999999999997,10.799999999999997,,,
148,-0.2699999999999996,-0.2699999999999996,,,
149,-0.16000000000000014,-0.16000000000000014,,,
150,-0.4499999999999993,-0.4499999999999993,,,
151,-0.9000000000000021,-0.9000000000000021,,,
152,-0.28999999999999915,-0.28999999999999915,,,
153,0.21000000000000085,0.21000000000000085,,,
154,0.8599999999999994,0.8599999999999994,,,
155,-0.4499999999999993,-0.4499999999999993,,,
156,0.019999999999999574,0.019999999999999574,,,
157,-0.629999999999999,-0.629999999999999,,,
158,-0.8500000000000014,-0.8500000000000014,,,
159,-0.9199999999999982,-0.9199999999999982,,,
160,-0.4700000000000024,-0.4700000000000024,,,
161,0.060000000000002274,0.060000000000002274,,,
162,0.0799999999999983,0.0799999999999983,,,
163,0.5199999999999996,0.5199999999999996,,,
164,-0.39000000000000057,-0.39000000000000057,,,
165,-0.629999999999999,-0.629999999999999,,,
166,-0.8000000000000007,-0.8000000000000007,,,
167,-0.7999999999999972,-0.7999999999999972,,,
168,-0.8700000000000045,-0.8700000000000045,,,
169,-0.4299999999999997,-0.4299999999999997,,,
170,0.46999999999999886,0.46999999999999886,,,
171,0.07000000000000028,0.07000000000000028,,,
172,-0.19999999999999574,-0.19999999999999574,,,
173,0.28000000000000114,0.28000000000000114,,,
174,-0.6300000000000026,-0.6300000000000026,,,
175,-0.6499999999999986,-0.6499999999999986,,,
176,-0.1600000000000037,-0.1600000000000037,,,
177,0.490000000000002,0.490000000000002,,,
178,-0.04999999999999716,-0.04999999999999716,,,
179,1.9599999999999973,1.9599999999999973,,,
180,-0.41999999999999815,-0.41999999999999815,,,
181,-0.6099999999999994,-0.6099999999999994,,,
182,-0.6499999999999986,-0.6499999999999986,,,
183,-0.7100000000000009,-0.7100000000000009,,,
184,-0.4100000000000037,-0.4100000000000037,,,
185,-0.12999999999999545,-0.12999999999999545,,,
186,0.0899999999999963,0.0899999999999963,,,
187,-0.18999999999999773,-0.18999999999999773,,,
188,-0.28000000000000114,-0.28000000000000114,,,
189,-0.5900000000000034,-0.5900000000000034,,,
190,-0.7100000000000009,-0.7100000000000009,,,
191,-0.4399999999999977,-0.4399999999999977,,,
192,7.52,7.52,,,
193,-0.0799999999999983,-0.0799999999999983,,,
194,-0.26000000000000156,-0.26000000000000156,,,
195,-0.389999999999997,-0.389999999999997,,,
196,-0.6900000000000013,-0.6900000000000013,,,
197,-0.620000000000001,-0.620000000000001,,,
198,-0.2799999999999976,-0.2799999999999976,,,
199,-0.21000000000000085,-0.21000000000000085,,,
200,-0.5399999999999991,-0.5399999999999991,,,
201,-0.490000000000002,-0.490000000000002,,,
202,-0.8100000000000023,-0.8100000000000023,,,
203,-0.6799999999999997,-0.6799999999999997,,,
204,-0.4099999999999966,-0.4099999999999966,,,
205,-0.14999999999999858,-0.14999999999999858,,,
206,-0.6200000000000045,-0.6200000000000045,,,
207,-0.46000000000000085,-0.46000000000000085,,,
208,-0.7999999999999972,-0.7999999999999972,,,
209,-0.6799999999999997,-0.6799999999999997,,,
210,-0.45000000000000284,-0.45000000000000284,,,
211,-0.22999999999999687,-0.22999999999999687,,,
212,-0.5,-0.5,,,
213,-0.6000000000000014,-0.6000000000000014,,,
214,-0.8100000000000023,-0.8100000000000023,,,
215,-1.009999999999998,-1.009999999999998,,,
216,-1.1499999999999986,-1.1499999999999986,,,
217,-1.1499999999999986,-1.1499999999999986,,,
218,-1.2000000000000028,-1.2000000000000028,,,
219,-1.1999999999999957,-1.1999999999999957,,,
220,-1.2000000000000028,-1.2000000000000028,,,
221,-0.6300000000000026,-0.6300000000000026,,,
222,0.060000000000002274,0.060000000000002274,,,
223,0.6400000000000006,0.6400000000000006,,,
224,-0.5399999999999991,-0.5399999999999991,,,
225,0.8099999999999952,0.8099999999999952,,,
226,-0.7899999999999991,-0.7899999999999991,,,
227,-1.019999999999996,-1.019999999999996,,,
228,-0.5700000000000003,-0.5700000000000003,,,
229,9.259999999999998,9.259999999999998,,,
230,0.6199999999999974,0.6199999999999974,,,
231,-0.20999999999999375,-0.20999999999999375,,,
232,-0.46000000000000085,-0.46000000000000085,,,
233,-0.7899999999999991,-0.7899999999999991,,,
234,-1.0400000000000063,-1.0400000000000063,,,
235,-0.3399999999999963,-0.3399999999999963,,,
236,0.060000000000002274,0.060000000000002274,,,
237,0.23999999999999488,0.23999999999999488,,,
238,-0.5599999999999952,-0.5599999999999952,,,
239,-0.09000000000000341,-0.09000000000000341,,,
240,-0.7100000000000009,-0.7100000000000009,,,
241,-0.9299999999999997,-0.9299999999999997,,,
242,-1.1199999999999974,-1.1199999999999974,,,
243,-0.6099999999999994,-0.6099999999999994,,,
244,-0.05000000000000426,-0.05000000000000426,,,
245,0.23000000000000398,0.23000000000000398,,,
246,-0.3100000000000023,-0.3100000000000023,,,
247,3.8900000000000006,3.8900000000000006,,,
248,-0.25,-0.25,,,
249,-0.6899999999999977,-0.6899999999999977,,,
250,-0.9299999999999997,-0.9299999999999997,,,
251,-1.1099999999999994,-1.1099999999999994,,,
252,-0.740000000000002,-0.740000000000002,,,
253,-0.23000000000000398,-0.23000000000000398,,,
254,-0.09999999999999432,-0.09999999999999432,,,
255,-0.5700000000000003,-0.5700000000000003,,,
256,-0.14000000000000057,-0.14000000000000057,,,
257,-0.8000000000000043,-0.8000000000000043,,,
258,-0.9799999999999969,-0.9799999999999969,,,
259,-1.1000000000000014,-1.1000000000000014,,,
260,-0.6199999999999974,-0.6199999999999974,,,
261,9.350000000000001,9.350000000000001,,,
262,0.3499999999999943,0.3499999999999943,,,
263,-0.3200000000000003,-0.3200000000000003,,,
264,-0.4399999999999977,-0.4399999999999977,,,
265,-0.490000000000002,-0.490000000000002,,,
266,-0.9399999999999977,-0.9399999999999977,,,
267,-1.0499999999999972,-1.0499999999999972,,,
268,-0.39000000000000057,-0.39000000000000057,,,
269,0.19999999999999574,0.19999999999999574,,,
270,0.480000000000004,0.480000000000004,,,
271,0.0799999999999983,0.0799999999999983,,,
272,2.4100000000000037,2.4100000000000037,,,
273,3.719999999999999,3.719999999999999,,,
274,1.1099999999999994,1.1099999999999994,,,
275,-0.3999999999999986,-0.3999999999999986,,,
276,-0.6000000000000014,-0.6000000000000014,,,
277,-0.7100000000000009,-0.7100000000000009,,,
278,-0.4299999999999997,-0.4299999999999997,,,
279,-0.03999999999999915,-0.03999999999999915,,,
280,0.21999999999999886,0.21999999999999886,,,
281,-0.35999999999999943,-0.35999999999999943,,,
282,-0.21000000000000085,-0.21000000000000085,,,
283,-0.6700000000000017,-0.6700000000000017,,,
284,-0.5,-0.5,,,
285,-0.29999999999999716,-0.29999999999999716,,,
286,3.5899999999999963,3.5899999999999963,,,
287,-0.1599999999999966,-0.1599999999999966,,,
288,-0.020000000000003126,-0.020000000000003126,,,
289,-0.39000000000000057,-0.39000000000000057,,,
290,-0.5899999999999963,-0.5899999999999963,,,
291,-0.3500000000000014,-0.3500000000000014,,,
292,-0.00999999999999801,-0.00999999999999801,,,
293,5.009999999999998,5.009999999999998,,,
294,0.04999999999999716,0.04999999999999716,,,
295,-0.27999999999999403,-0.27999999999999403,,,
296,-0.5500000000000043,-0.5500000000000043,,,
297,-0.28000000000000114,-0.28000000000000114,,,
298,-0.00999999999999801,-0.00999999999999801,,,
299,9.52,9.52,,,
300,0.129999999999999,0.129999999999999,,,
301,-0.03999999999999915,-0.03999999999999915,,,
302,-0.4499999999999993,-0.4499999999999993,,,
303,-0.620000000000001,-0.620000000000001,,,
304,-0.35999999999999943,-0.35999999999999943,,,
305,-0.05000000000000071,-0.05000000000000071,,,
306,0.08999999999999986,0.08999999999999986,,,
307,-0.11999999999999744,-0.11999999999999744,,,
308,-0.08999999999999986,-0.08999999999999986,,,
309,-0.5400000000000027,-0.5400000000000027,,,
310,-0.3299999999999983,-0.3299999999999983,,,
311,-0.120000000000001,-0.120000000000001,,,
312,-0.03999999999999915,-0.03999999999999915,,,
313,-0.03999999999999915,-0.03999999999999915,,,
314,-0.39000000000000057,-0.39000000000000057,,,
315,-0.5,-0.5,,,
316,-0.25,-0.25,,,
317,0.03999999999999915,0.03999999999999915,,,
318,6.559999999999999,6.559999999999999,,,
319,0.7000000000000028,0.7000000000000028,,,
320,-0.19000000000000128,-0.19000000000000128,,,
321,-0.3000000000000007,-0.3000000000000007,,,
322,-0.3000000000000007,-0.3000000000000007,,,
323,-0.31999999999999673,-0.31999999999999673,,,
324,-0.09000000000000341,-0.09000000000000341,,,
325,0.1700000000000017,0.1700000000000017,,,
326,-0.120000000000001,-0.120000000000001,,,
327,-0.00999999999999801,-0.00999999999999801,,,
328,-0.2900000000000027,-0.2900000000000027,,,
329,-0.4299999999999997,-0.4299999999999997,,,
330,-0.2699999999999996,-0.2699999999999996,,,
331,-0.019999999999999574,-0.019999999999999574,,,
332,9.3,9.3,,,
333,0.08999999999999986,0.08999999999999986,,,
334,-0.16999999999999993,-0.16999999999999993,,,
335,-0.1999999999999993,-0.1999999999999993,,,
336,-0.2400000000000002,-0.2400000000000002,,,
337,0.049999999999998934,0.049999999999998934,,,
338,0.07000000000000028,0.07000000000000028,,,
339,9.48,9.48,,,
340,-0.03000000000000025,-0.03000000000000025,,,
341,-0.09999999999999964,-0.09999999999999964,,,
342,-0.29000000000000004,-0.29000000000000004,,,
343,-0.35000000000000053,-0.35000000000000053,,,
344,-0.34999999999999964,-0.34999999999999964,,,
345,-0.40000000000000036,-0.40000000000000036,,,
346,-0.4500000000000002,-0.4500000000000002,,,
347,-0.4499999999999993,-0.4499999999999993,,,
348,-0.020000000000000462,-0.020000000000000462,,,
349,0.54,0.54,,,
350,0.3200000000000003,0.3200000000000003,,,
351,-0.20999999999999996,-0.20999999999999996,,,
352,-0.2999999999999998,-0.2999999999999998,,,
353,-0.4500000000000002,-0.4500000000000002,,,
354,-0.3799999999999999,-0.3799999999999999,,,
355,-0.08999999999999986,-0.08999999999999986,,,
356,-0.20000000000000018,-0.20000000000000018,,,
357,-0.3600000000000003,-0.3600000000000003,,,
358,-0.4599999999999991,-0.4599999999999991,,,
359,-0.6700000000000017,-0.6700000000000017,,,
360,-0.5599999999999987,-0.5599999999999987,,,
361,-0.2900000000000009,-0.2900000000000009,,,
362,-0.15000000000000036,-0.15000000000000036,,,
363,0.4200000000000017,0.4200000000000017,,,
364,-0.4300000000000015,-0.4300000000000015,,,
365,-0.5399999999999991,-0.5399999999999991,,,
366,-0.5800000000000001,-0.5800000000000001,,,
367,-0.2599999999999998,-0.2599999999999998,,,
368,0.07000000000000028,0.07000000000000028,,,
369,0.7699999999999996,0.7699999999999996,,,
370,0.629999999999999,0.629999999999999,,,
371,-0.3099999999999987,-0.3099999999999987,,,
372,-0.41000000000000014,-0.41000000000000014,,,
373,-0.3100000000000005,-0.3100000000000005,,,
374,0.02999999999999936,0.02999999999999936,,,
375,1.3400000000000016,1.3400000000000016,,,
376,0.019999999999999574,0.019999999999999574,,,
377,-0.25,-0.25,,,
378,-0.3800000000000008,-0.3800000000000008,,,
379,-0.5,-0.5,,,
380,-0.5399999999999991,-0.5399999999999991,,,
381,-0.3600000000000012,-0.3600000000000012,,,
382,0.07000000000000028,0.07000000000000028,,,
383,0.11000000000000121,0.11000000000000121,,,
384,-0.07000000000000028,-0.07000000000000028,,,
385,-0.3600000000000012,-0.3600000000000012,,,
386,-0.4599999999999991,-0.4599999999999991,,,
387,-0.2699999999999996,-0.2699999999999996,,,
388,-0.07000000000000028,-0.07000000000000028,,,
389,-0.13000000000000078,-0.13000000000000078,,,
390,0.370000000000001,0.370000000000001,,,
391,-0.08999999999999986,-0.08999999999999986,,,
392,-0.370000000000001,-0.370000000000001,,,
393,-0.40000000000000036,-0.40000000000000036,,,
394,-0.3999999999999986,-0.3999999999999986,,,
395,-0.11000000000000121,-0.11000000000000121,,,
396,0.2599999999999998,0.2599999999999998,,,
397,6.620000000000001,6.620000000000001,,,
398,2.6999999999999993,2.6999999999999993,,,
399,-0.16999999999999993,-0.16999999999999993,,,
400,-0.23999999999999932,-0.23999999999999932,,,
401,-0.29000000000000004,-0.29000000000000004,,,
402,-0.3200000000000003,-0.3200000000000003,,,
403,-0.020000000000000462,-0.020000000000000462,,,
404,0.27000000000000046,0.27000000000000046,,,
405,0.08999999999999986,0.08999999999999986,,,
406,-0.04999999999999982,-0.04999999999999982,,,
407,-0.13999999999999968,-0.13999999999999968,,,
408,-0.29000000000000004,-0.29000000000000004,,,
409,-0.07000000000000028,-0.07000000000000028,,,
410,0.1200000000000001,0.1200000000000001,,,
411,0.4399999999999995,0.4399999999999995,,,
412,-0.08999999999999986,-0.08999999999999986,,,
413,-0.09999999999999964,-0.09999999999999964,,,
414,-0.20000000000000018,-0.20000000000000018,,,
415,-0.20000000000000018,-0.20000000000000018,,,
416,-0.20000000000000018,-0.20000000000000018,,,
417,-0.20999999999999996,-0.20999999999999996,,,
418,-0.2699999999999996,-0.2699999999999996,,,
419,-0.2999999999999998,-0.2999999999999998,,,
420,0.1999999999999993,0.1999999999999993,,,
421,0.5300000000000002,0.5300000000000002,,,
422,0.3700000000000001,0.3700000000000001,,,
423,-0.08000000000000007,-0.08000000000000007,,,
424,-0.14999999999999947,-0.14999999999999947,,,
425,-0.15000000000000036,-0.15000000000000036,,,
426,-0.25,-0.25,,,
427,-0.3899999999999997,-0.3899999999999997,,,
428,-0.5,-0.5,,,
429,-0.16000000000000014,-0.16000000000000014,,,
430,0.13999999999999968,0.13999999999999968,,,
431,0.5099999999999998,0.5099999999999998,,,
432,-0.04999999999999982,-0.04999999999999982,,,
433,-0.2699999999999996,-0.2699999999999996,,,
434,-0.3799999999999999,-0.3799999999999999,,,
435,-0.20000000000000018,-0.20000000000000018,,,
436,-0.08000000000000007,-0.08000000000000007,,,
437,6.81,6.81,,,
438,-0.24,-0.24,,,
439,-0.13000000000000012,-0.13000000000000012,,,
440,-0.10999999999999988,-0.10999999999999988,,,
441,-0.17999999999999994,-0.17999999999999994,,,
442,0.05999999999999983,0.05999999999999983,,,
443,0.14000000000000012,0.14000000000000012,,,
444,0.07000000000000006,0.07000000000000006,,,
445,-0.020000000000000018,-0.020000000000000018,,,
446,-0.06000000000000005,-0.06000000000000005,,,
447,-0.19999999999999996,-0.19999999999999996,,,
448,-0.24,-0.24,,,
449,-0.010000000000000009,-0.010000000000000009,,,
450,0.09999999999999987,0.09999999999999987,,,
451,0.6300000000000001,0.6300000000000001,,,
452,-0.020000000000000018,-0.020000000000000018,,,
453,-0.07000000000000006,-0.07000000000000006,,,
454,-0.09000000000000008,-0.09000000000000008,,,
455,-0.10999999999999988,-0.10999999999999988,,,
456,-0.15000000000000013,-0.15000000000000013,,,
457,-0.20999999999999996,-0.20999999999999996,,,
458,0.050000000000000044,0.050000000000000044,,,
459,0.06000000000000005,0.06000000000000005,,,
460,-0.06000000000000005,-0.06000000000000005,,,
461,-0.09000000000000008,-0.09000000000000008,,,
462,-0.1499999999999999,-0.1499999999999999,,,
463,-0.22999999999999998,-0.22999999999999998,,,
464,-0.2999999999999998,-0.2999999999999998,,,
465,-0.10000000000000009,-0.10000000000000009,,,
466,-0.050000000000000266,-0.050000000000000266,,,
467,1.6400000000000001,1.6400000000000001,,,
468,-0.030000000000000027,-0.030000000000000027,,,
469,0.030000000000000027,0.030000000000000027,,,
470,-0.19999999999999996,-0.19999999999999996,,,
471,-0.21999999999999997,-0.21999999999999997,,,
472,-0.25,-0.25,,,
473,-0.25,-0.25,,,
474,-0.26000000000000023,-0.26000000000000023,,,
475,-0.36999999999999966,-0.36999999999999966,,,
476,-0.3999999999999999,-0.3999999999999999,,,
477,-0.40000000000000036,-0.40000000000000036,,,
478,0.18000000000000016,0.18000000000000016,,,
479,0.6200000000000001,0.6200000000000001,,,
480,0.6699999999999999,0.6699999999999999,,,
481,-0.1200000000000001,-0.1200000000000001,,,
482,0.07000000000000006,0.07000000000000006,,,
483,-0.09999999999999987,-0.09999999999999987,,,
484,-0.010000000000000231,-0.010000000000000231,,,
485,0.6500000000000001,0.6500000000000001,,,
486,-0.050000000000000044,-0.050000000000000044,,,
487,-0.08000000000000007,-0.08000000000000007,,,
488,-0.08999999999999986,-0.08999999999999986,,,
489,-0.15000000000000013,-0.15000000000000013,,,
490,-0.24999999999999978,-0.24999999999999978,,,
491,-0.13000000000000034,-0.13000000000000034,,,
492,-0.029999999999999805,-0.029999999999999805,,,
493,-0.06000000000000005,-0.06000000000000005,,,
494,0.0,0.0,,,
495,-0.10999999999999988,-0.10999999999999988,,,
496,-0.26000000000000023,-0.26000000000000023,,,
497,-0.33999999999999986,-0.33999999999999986,,,
498,-0.41000000000000014,-0.41000000000000014,,,
499,-0.16999999999999993,-0.16999999999999993,,,
500,0.07000000000000028,0.07000000000000028,,,
501,-0.11000000000000032,-0.11000000000000032,,,
502,0.0900000000000003,0.0900000000000003,,,
503,-0.15000000000000036,-0.15000000000000036,,,
504,-0.3399999999999994,-0.3399999999999994,,,
505,-0.35000000000000053,-0.35000000000000053,,,
506,-0.11000000000000032,-0.11000000000000032,,,
507,0.0600000000000005,0.0600000000000005,,,
508,3.69,3.69,,,
509,0.040000000000000036,0.040000000000000036,,,
510,-0.26,-0.26,,,
511,-0.30000000000000004,-0.30000000000000004,,,
512,-0.3799999999999999,-0.3799999999999999,,,
513,-0.41999999999999993,-0.41999999999999993,,,
514,-0.08000000000000007,-0.08000000000000007,,,
515,0.32999999999999985,0.32999999999999985,,,
516,0.26,0.26,,,
517,0.08000000000000007,0.08000000000000007,,,
518,-0.26,-0.26,,,
519,-0.32999999999999985,-0.32999999999999985,,,
520,-0.17000000000000037,-0.17000000000000037,,,
521,0.2100000000000004,0.2100000000000004,,,
522,0.1499999999999997,0.1499999999999997,,,
523,-0.15999999999999992,-0.15999999999999992,,,
524,-0.04999999999999982,-0.04999999999999982,,,
525,-0.18999999999999995,-0.18999999999999995,,,
526,-0.2400000000000002,-0.2400000000000002,,,
527,0.009999999999999787,0.009999999999999787,,,
528,0.0900000000000003,0.0900000000000003,,,
529,0.7799999999999998,0.7799999999999998,,,
530,-0.06999999999999984,-0.06999999999999984,,,
531,-0.09000000000000008,-0.09000000000000008,,,
532,-0.09999999999999987,-0.09999999999999987,,,
533,-0.10000000000000009,-0.10000000000000009,,,
534,-0.16000000000000014,-0.16000000000000014,,,
535,0.07000000000000028,0.07000000000000028,,,
536,-0.020000000000000018,-0.020000000000000018,,,
537,0.06999999999999984,0.06999999999999984,,,
538,1.86,1.86,,,
539,0.010000000000000009,0.010000000000000009,,,
540,0.13,0.13,,,
541,0.02,0.02,,,
542,-0.02,-0.02,,,
543,-0.09999999999999999,-0.09999999999999999,,,
544,-0.15000000000000002,-0.15000000000000002,,,
545,0.010000000000000009,0.010000000000000009,,,
546,0.06,0.06,,,
547,-0.08000000000000002,-0.08000000000000002,,,
548,-0.02999999999999997,-0.02999999999999997,,,
549,-0.12,-0.12,,,
550,-0.27999999999999997,-0.27999999999999997,,,
551,-0.3500000000000001,-0.3500000000000001,,,
552,-0.3999999999999999,-0.3999999999999999,,,
553,-0.45999999999999996,-0.45999999999999996,,,
554,-0.5,-0.5,,,
555,-0.10999999999999988,-0.10999999999999988,,,
556,0.2799999999999998,0.2799999999999998,,,
557,0.32000000000000006,0.32000000000000006,,,
558,-0.1100000000000001,-0.1100000000000001,,,
559,-0.2999999999999998,-0.2999999999999998,,,
560,-0.43000000000000016,-0.43000000000000016,,,
561,-0.4700000000000002,-0.4700000000000002,,,
562,-0.3799999999999999,-0.3799999999999999,,,
563,-0.1200000000000001,-0.1200000000000001,,,
564,-0.1299999999999999,-0.1299999999999999,,,
565,-0.29000000000000004,-0.29000000000000004,,,
566,-0.47999999999999954,-0.47999999999999954,,,
567,-0.6400000000000006,-0.6400000000000006,,,
568,-0.79,-0.79,,,
569,-0.6099999999999994,-0.6099999999999994,,,
570,-0.3200000000000003,-0.3200000000000003,,,
571,-0.11000000000000032,-0.11000000000000032,,,
572,-0.29000000000000004,-0.29000000000000004,,,
573,-0.29000000000000004,-0.29000000000000004,,,
574,-0.39999999999999947,-0.39999999999999947,,,
575,-0.6799999999999997,-0.6799999999999997,,,
576,-0.33999999999999986,-0.33999999999999986,,,
577,0.05999999999999872,0.05999999999999872,,,
578,0.16000000000000014,0.16000000000000014,,,
579,-0.3200000000000003,-0.3200000000000003,,,
580,-0.4299999999999997,-0.4299999999999997,,,
581,-0.629999999999999,-0.629999999999999,,,
582,-0.41000000000000014,-0.41000000000000014,,,
583,-0.20000000000000107,-0.20000000000000107,,,
584,-0.009999999999999787,-0.009999999999999787,,,
585,0.8300000000000001,0.8300000000000001,,,
586,-0.3899999999999988,-0.3899999999999988,,,
587,-0.5600000000000005,-0.5600000000000005,,,
588,-0.34999999999999964,-0.34999999999999964,,,
589,-0.15000000000000036,-0.15000000000000036,,,
590,-0.1899999999999995,-0.1899999999999995,,,
591,-0.4900000000000002,-0.4900000000000002,,,
592,-0.4400000000000013,-0.4400000000000013,,,
593,-0.5999999999999996,-0.5999999999999996,,,
594,-0.5599999999999987,-0.5599999999999987,,,
595,-0.22000000000000064,-0.22000000000000064,,,
596,-0.34999999999999964,-0.34999999999999964,,,
597,-0.45000000000000107,-0.45000000000000107,,,
598,0.0,0.0,,,
599,-0.6199999999999992,-0.6199999999999992,,,
600,-0.8599999999999994,-0.8599999999999994,,,
601,-0.6600000000000001,-0.6600000000000001,,,
602,-0.370000000000001,-0.370000000000001,,,
603,-0.21999999999999886,-0.21999999999999886,,,
604,-0.1999999999999993,-0.1999999999999993,,,
605,-0.14000000000000057,-0.14000000000000057,,,
606,-0.6700000000000017,-0.6700000000000017,,,
607,-0.8000000000000007,-0.8000000000000007,,,
608,-0.8299999999999983,-0.8299999999999983,,,
609,-0.8599999999999994,-0.8599999999999994,,,
610,-0.40000000000000213,-0.40000000000000213,,,
611,3.210000000000001,3.210000000000001,,,
612,0.39000000000000057,0.39000000000000057,,,
613,-0.1700000000000017,-0.1700000000000017,,,
614,-0.4299999999999997,-0.4299999999999997,,,
615,-0.75,-0.75,,,
616,-0.9499999999999993,-0.9499999999999993,,,
617,-0.4499999999999993,-0.4499999999999993,,,
618,0.5599999999999987,0.5599999999999987,,,
619,-0.21999999999999886,-0.21999999999999886,,,
620,0.5399999999999991,0.5399999999999991,,,
621,-0.3200000000000003,-0.3200000000000003,,,
622,-0.5299999999999976,-0.5299999999999976,,,
623,-0.75,-0.75,,,
624,-0.8000000000000007,-0.8000000000000007,,,
625,-0.3000000000000007,-0.3000000000000007,,,
626,0.16000000000000014,0.16000000000000014,,,
627,0.3000000000000007,0.3000000000000007,,,
628,-0.379999999999999,-0.379999999999999,,,
629,-0.43000000000000327,-0.43000000000000327,,,
630,-0.6499999999999986,-0.6499999999999986,,,
631,-0.8299999999999983,-0.8299999999999983,,,
632,-0.8500000000000014,-0.8500000000000014,,,
633,-0.370000000000001,-0.370000000000001,,,
634,-0.05000000000000071,-0.05000000000000071,,,
635,-0.2799999999999976,-0.2799999999999976,,,
636,-0.07000000000000028,-0.07000000000000028,,,
637,-0.28999999999999915,-0.28999999999999915,,,
638,-0.46000000000000085,-0.46000000000000085,,,
639,-0.740000000000002,-0.740000000000002,,,
640,-0.75,-0.75,,,
641,-0.36999999999999744,-0.36999999999999744,,,
642,0.00999999999999801,0.00999999999999801,,,
643,0.0,0.0,,,
644,-0.4299999999999997,-0.4299999999999997,,,
645,-0.23000000000000043,-0.23000000000000043,,,
646,-0.7199999999999989,-0.7199999999999989,,,
647,-0.4499999999999993,-0.4499999999999993,,,
648,-0.03999999999999915,-0.03999999999999915,,,
649,-0.23000000000000043,-0.23000000000000043,,,
650,-0.3200000000000003,-0.3200000000000003,,,
651,1.4599999999999973,1.4599999999999973,,,
652,-0.639999999999997,-0.639999999999997,,,
653,-0.40000000000000213,-0.40000000000000213,,,
654,-0.0799999999999983,-0.0799999999999983,,,
655,2.1099999999999994,2.1099999999999994,,,
656,-0.28999999999999915,-0.28999999999999915,,,
657,3.09,3.09,,,
658,-0.4499999999999993,-0.4499999999999993,,,
659,-0.3000000000000007,-0.3000000000000007,,,
660,-0.13000000000000256,-0.13000000000000256,,,
661,-0.10999999999999943,-0.10999999999999943,,,
662,-0.2699999999999996,-0.2699999999999996,,,
663,4.780000000000001,4.780000000000001,,,
664,-0.35999999999999943,-0.35999999999999943,,,
665,-0.23000000000000043,-0.23000000000000043,,,
666,0.0,0.0,,,
667,-0.16000000000000014,-0.16000000000000014,,,
668,-0.120000000000001,-0.120000000000001,,,
669,-0.28000000000000114,-0.28000000000000114,,,
670,-0.34999999999999787,-0.34999999999999787,,,
671,-0.17999999999999972,-0.17999999999999972,,,
672,0.019999999999999574,0.019999999999999574,,,
673,17.55,17.55,,,
674,-0.040000000000000036,-0.040000000000000036,,,
675,-0.11000000000000032,-0.11000000000000032,,,
676,-0.2699999999999996,-0.2699999999999996,,,
677,-0.34000000000000075,-0.34000000000000075,,,
678,-0.3899999999999997,-0.3899999999999997,,,
679,-0.03000000000000025,-0.03000000000000025,,,
680,0.3600000000000003,0.3600000000000003,,,
681,0.1900000000000004,0.1900000000000004,,,
682,-0.20999999999999996,-0.20999999999999996,,,
683,-0.33000000000000007,-0.33000000000000007,,,
684,-0.41999999999999993,-0.41999999999999993,,,
685,-0.2600000000000007,-0.2600000000000007,,,
686,-0.11999999999999922,-0.11999999999999922,,,
687,-0.2900000000000009,-0.2900000000000009,,,
688,0.09999999999999964,0.09999999999999964,,,
689,0.0,0.0,,,
690,-0.25,-0.25,,,
691,-0.21999999999999886,-0.21999999999999886,,,
692,-0.07000000000000028,-0.07000000000000028,,,
693,0.13000000000000078,0.13000000000000078,,,
694,0.75,0.75,,,
695,-0.05000000000000071,-0.05000000000000071,,,
696,-0.2599999999999998,-0.2599999999999998,,,
697,-0.09999999999999964,-0.09999999999999964,,,
698,0.08000000000000007,0.08000000000000007,,,
699,7.139999999999999,7.139999999999999,,,
700,0.040000000000000036,0.040000000000000036,,,
1,0.0,0.0,0.0,0.0,0.0
2,0.0,0.0,0.0,0.0,0.0
3,0.0,0.0,0.0,0.0,0.0
4,0.0,0.0,0.0,0.0,0.0
5,-0.12000000000000001,-0.07,-0.02,0.0,-0.03
6,-0.25,-0.15,-0.05,0.0,-0.05
7,-0.009999999999999995,0.01999999999999999,0.07,0.0,-0.09999999999999999
8,0.05000000000000003,0.18000000000000002,0.0,-0.02,-0.10999999999999999
9,0.10999999999999997,0.0,0.0,0.02,0.08999999999999997
10,0.060000000000000026,-0.009999999999999998,-0.04,-0.04,0.15000000000000002
11,-0.34,-0.08,-0.049999999999999996,-0.16,-0.05
12,-0.27999999999999997,-0.09999999999999999,-0.15,-0.10999999999999999,0.08
13,-0.19000000000000006,-0.1,-0.10000000000000003,0.10999999999999999,-0.09999999999999999
14,0.17,0.13,-0.03999999999999998,0.16,-0.08000000000000002
15,0.06999999999999998,0.16,-0.08000000000000002,-0.04,0.03
16,-0.22,-0.06999999999999999,0.06,-0.05,-0.16
17,-0.48999999999999994,-0.17,0.020000000000000018,-0.09,-0.24999999999999994
18,-0.23000000000000015,-0.08000000000000002,-0.17000000000000004,0.11,-0.09000000000000008
19,-0.34999999999999987,-0.03999999999999998,-0.2799999999999999,-0.08,0.050000000000000044
20,-0.08999999999999997,0.030000000000000027,0.14,-0.09999999999999998,-0.16000000000000003
21,0.04999999999999993,0.03999999999999998,-0.040000000000000036,0.02999999999999997,0.020000000000000018
22,0.6,-0.06,0.39999999999999997,-0.12,0.38
23,0.24,-0.030000000000000027,0.21000000000000002,-0.08000000000000002,0.14
24,0.03999999999999995,-0.12,0.03,-0.10000000000000003,0.22999999999999998
25,-0.11,-0.28,0.06,0.10000000000000003,0.01
26,-0.5999999999999999,-0.3699999999999999,-0.04000000000000001,-0.14999999999999997,-0.04
27,-0.96,-0.51,-0.16999999999999998,-0.25,-0.030000000000000006
28,-0.8099999999999998,-0.6199999999999999,-0.040000000000000036,-0.09999999999999998,-0.04999999999999999
29,-0.24000000000000019,-0.3900000000000001,0.030000000000000027,0.029999999999999916,0.09
30,-0.29000000000000026,-0.03000000000000025,-0.12,-0.17000000000000004,0.03
31,0.33000000000000007,0.29000000000000004,0.020000000000000018,0.020000000000000018,0.0
32,-0.11999999999999993,-0.10999999999999988,0.009999999999999953,0.0,-0.02
33,-0.5700000000000001,-0.3500000000000001,-0.2,0.10000000000000009,-0.12000000000000001
34,-0.8300000000000001,-0.56,-0.020000000000000018,-0.08000000000000007,-0.16999999999999998
35,-0.19999999999999973,-0.33999999999999986,0.11000000000000004,0.07000000000000006,-0.03999999999999998
36,0.8399999999999999,-0.040000000000000036,-0.02999999999999997,0.82,0.08999999999999997
37,0.4099999999999999,0.71,-0.050000000000000044,-0.15,-0.09999999999999998
38,0.1100000000000001,0.43000000000000016,-0.13,0.010000000000000009,-0.20000000000000007
39,-0.48,-0.27,-0.24,0.25,-0.21999999999999997
40,-0.35999999999999993,-0.3999999999999999,-0.14,0.039999999999999994,0.14
41,0.15999999999999978,-0.20000000000000018,-0.020000000000000018,0.02,0.36
42,-0.24000000000000005,0.10999999999999988,-0.19999999999999996,0.0,-0.14999999999999997
43,2.41,2.43,0.10000000000000009,0.0,-0.12000000000000005
44,-0.21000000000000008,0.030000000000000027,-0.14000000000000012,0.0,-0.09999999999999998
45,-0.44000000000000006,-0.08000000000000007,-0.19999999999999996,0.0,-0.16000000000000003
46,-0.5199999999999998,-0.09999999999999987,-0.27,0.0,-0.1499999999999999
47,-0.3899999999999999,-0.010000000000000009,-0.1299999999999999,-0.03,-0.21999999999999997
48,-0.25000000000000017,-0.16000000000000014,-0.040000000000000036,-0.07,0.020000000000000018
49,-0.5499999999999999,-0.07999999999999985,-0.27,-0.15,-0.050000000000000044
50,5.551115123125783e-17,0.09999999999999987,-0.2999999999999998,-0.07,0.27
51,-0.41000000000000003,-0.05999999999999983,-0.41000000000000014,0.1,-0.040000000000000036
52,-0.3500000000000001,-0.010000000000000009,-0.52,-0.01999999999999999,0.19999999999999996
53,-0.6600000000000001,-0.10000000000000009,-0.5,0.06,-0.12
54,-0.9599999999999999,-0.10000000000000009,-0.6099999999999999,0.009999999999999981,-0.2599999999999999
55,-1.4099999999999997,-0.09999999999999987,-0.7199999999999998,-0.23999999999999996,-0.3500000000000001
56,-0.9900000000000002,0.09999999999999987,-0.7800000000000002,-0.18,-0.1299999999999999
57,1.15,1.4700000000000002,-0.45999999999999996,0.04999999999999993,0.08999999999999986
58,-0.1299999999999999,-0.18,0.1200000000000001,0.23000000000000004,-0.30000000000000004
59,0.1799999999999999,-0.04999999999999999,0.3899999999999997,0.1,-0.2599999999999998
60,0.25999999999999973,0.14999999999999997,0.1200000000000001,0.09999999999999999,-0.11000000000000032
61,-0.6599999999999996,0.010000000000000009,-0.33999999999999986,-0.13,-0.19999999999999973
62,-1.3600000000000003,-0.06,-0.6200000000000001,-0.27,-0.41000000000000014
63,-1.2899999999999998,-0.08000000000000002,-0.8700000000000001,-0.12,-0.21999999999999975
64,-0.5700000000000001,-0.21000000000000002,-0.6299999999999999,0.18,0.08999999999999986
65,-0.12000000000000072,0.12000000000000005,-0.21000000000000085,0.16000000000000003,-0.18999999999999995
66,-0.02999999999999911,0.010000000000000009,-0.03999999999999915,0.18999999999999997,-0.18999999999999995
67,-0.3800000000000002,0.26,-0.41999999999999993,-0.10999999999999999,-0.11000000000000032
68,-1.0599999999999996,0.10999999999999999,-0.5999999999999996,-0.13000000000000003,-0.43999999999999995
69,-0.9100000000000009,0.02,-0.8000000000000007,0.13000000000000003,-0.26000000000000023
70,-0.7599999999999992,-0.08,-0.9399999999999995,0.15,0.11000000000000032
71,-1.0099999999999998,-0.1,-0.6699999999999999,-0.15,-0.08999999999999986
72,-0.7599999999999995,-0.12,-0.2699999999999996,-0.19999999999999998,-0.16999999999999993
73,-0.6000000000000005,0.12,-0.22000000000000064,-0.2,-0.2999999999999998
74,0.03999999999999912,0.16,0.20999999999999908,0.08999999999999997,-0.41999999999999993
75,0.2600000000000005,0.02,0.3000000000000007,0.22000000000000003,-0.28000000000000025
76,-0.5900000000000011,-0.009999999999999998,-0.5500000000000007,-0.13,0.09999999999999964
77,3.46,-0.03,-0.41000000000000014,-0.030000000000000027,3.93
78,-0.22999999999999876,-0.14,-0.05999999999999872,0.010000000000000009,-0.040000000000000036
79,1.8000000000000005,0.05000000000000002,1.8200000000000003,-0.12999999999999995,0.06000000000000005
80,0.6899999999999984,-0.03,0.8199999999999985,0.010000000000000009,-0.1100000000000001
81,-0.3099999999999995,0.10999999999999999,-0.1899999999999995,-0.010000000000000009,-0.21999999999999997
82,-0.6699999999999989,0.05,-0.4599999999999991,-0.13,-0.1299999999999999
83,-0.6100000000000015,0.01,-0.4300000000000015,-0.15000000000000002,-0.040000000000000036
84,2.8000000000000003,-0.07,2.4800000000000004,0.51,-0.1200000000000001
85,1.4500000000000002,0.08,0.07000000000000028,0.06999999999999995,1.23
86,-0.16000000000000028,-0.04,-0.07000000000000028,0.22000000000000003,-0.27
87,-0.14999999999999925,-0.060000000000000005,-0.1999999999999993,0.049999999999999996,0.06000000000000005
88,0.1799999999999989,0.08,-0.45000000000000107,-0.04,0.59
89,-0.4099999999999998,-0.06999999999999999,-0.2599999999999998,-0.09000000000000001,0.010000000000000009
90,-0.4099999999999998,-0.21,-0.009999999999999787,-0.18,-0.010000000000000009
91,-0.14999999999999877,-0.06,-0.1399999999999988,0.010000000000000009,0.04000000000000001
92,0.32999999999999974,-0.07,0.2599999999999998,0.22999999999999998,-0.09
93,-0.3800000000000001,-0.13000000000000006,-0.33000000000000007,0.08,0.0
94,-0.7200000000000013,-0.10999999999999999,-0.5200000000000014,-0.01,-0.08000000000000002
95,-0.8499999999999994,0.09000000000000008,-0.5199999999999996,-0.18,-0.24
96,-0.879999999999999,0.019999999999999907,-0.629999999999999,-0.18,-0.08999999999999997
97,-0.7800000000000006,-0.1499999999999999,-0.47000000000000064,-0.19999999999999996,0.039999999999999925
98,-0.5000000000000007,-0.24,-0.05000000000000071,-0.20000000000000007,-0.009999999999999898
99,-0.16999999999999904,-0.3400000000000001,0.20000000000000107,0.030000000000000027,-0.06000000000000005
100,0.7600000000000002,0.010000000000000009,0.3200000000000003,0.3,0.13
101,-0.04000000000000076,0.13000000000000012,-0.21000000000000085,0.06,-0.020000000000000018
102,-0.6799999999999989,-0.020000000000000018,-0.5499999999999989,0.010000000000000009,-0.12
103,-1.0000000000000013,-0.1100000000000001,-0.7800000000000011,-0.010000000000000009,-0.09999999999999998
104,-1.049999999999999,0.010000000000000009,-0.7999999999999989,-0.21999999999999997,-0.040000000000000036
105,-0.050000000000001044,-0.15999999999999992,-0.45000000000000107,-0.29000000000000004,0.85
106,-0.759999999999999,-0.25,-0.049999999999998934,-0.44000000000000006,-0.020000000000000004
107,-0.5500000000000009,-0.06000000000000005,0.129999999999999,-0.5499999999999998,-0.07
108,-0.09000000000000002,0.6499999999999999,-0.09999999999999964,-0.5900000000000003,-0.04999999999999999
109,0.5600000000000009,0.93,-0.2699999999999996,-0.2899999999999996,0.19
110,-0.9800000000000012,-0.09,-0.620000000000001,-0.20000000000000018,-0.07
111,-0.13999999999999924,-0.15000000000000002,-0.27999999999999936,0.41000000000000014,-0.12
112,1.5899999999999994,0.08000000000000002,0.5299999999999994,0.9099999999999999,0.07
113,0.1600000000000006,0.28,-0.10999999999999943,-0.020000000000000018,0.009999999999999995
114,-0.58,0.04,-0.33999999999999986,-0.09000000000000008,-0.19
115,-0.8199999999999996,-0.02,-0.5199999999999996,-0.24,-0.040000000000000036
116,-0.659999999999999,-0.030000000000000002,-0.629999999999999,0.0,0.0
117,-0.06000000000000079,-0.05,-0.3000000000000007,0.3999999999999999,-0.10999999999999999
118,4.5299999999999985,-0.04999999999999999,4.0699999999999985,0.6400000000000001,-0.12999999999999995
119,-0.019999999999998852,-0.08000000000000002,-0.05999999999999872,0.04999999999999993,0.06999999999999995
120,0.059999999999999276,0.15000000000000002,-0.13000000000000078,0.14,-0.09999999999999998
121,-0.95,0.06,-0.41999999999999993,-0.26,-0.32999999999999996
122,-1.1800000000000004,-0.009999999999999998,-0.6500000000000004,-0.3999999999999999,-0.1200000000000001
123,-1.0799999999999994,0.03,-0.7799999999999994,-0.6000000000000001,0.27
124,-0.5399999999999996,-0.05,-0.4299999999999997,-0.10999999999999988,0.050000000000000044
125,0.06000000000000012,-0.09000000000000001,-0.009999999999999787,0.21999999999999997,-0.06000000000000005
126,0.2999999999999997,-0.12,0.009999999999999787,0.3699999999999999,0.040000000000000036
127,-0.22000000000000094,0.11000000000000001,-0.370000000000001,0.21999999999999997,-0.17999999999999994
128,-0.6300000000000002,0.13,-0.40000000000000036,-0.06999999999999984,-0.29000000000000004
129,-0.9800000000000006,0.0,-0.6400000000000006,-0.24,-0.10000000000000009
130,-0.4699999999999972,-0.15000000000000002,-0.4599999999999973,-0.010000000000000009,0.15000000000000013
131,-0.10000000000000106,-0.12999999999999998,-0.120000000000001,0.18999999999999995,-0.040000000000000036
132,0.4200000000000003,0.04999999999999999,0.3200000000000003,0.28,-0.22999999999999998
133,0.6500000000000007,0.25,0.21000000000000085,0.2899999999999999,-0.10000000000000009
134,0.36999999999999933,-0.02,0.1999999999999993,0.18000000000000005,0.010000000000000009
135,-1.030000000000002,0.02,-0.490000000000002,-0.29000000000000004,-0.27
136,-0.5699999999999994,-0.05,-0.35999999999999943,-0.040000000000000036,-0.11999999999999988
137,-0.05,-0.05,-0.08999999999999986,-0.040000000000000036,0.1299999999999999
138,0.10999999999999971,0.060000000000000005,-0.07000000000000028,0.18000000000000005,-0.06000000000000005
139,1.8900000000000006,0.04,1.9000000000000004,0.07000000000000006,-0.11999999999999988
140,-0.5699999999999993,0.0,-0.20999999999999908,-0.16000000000000003,-0.20000000000000018
141,-0.7800000000000009,-0.02,-0.120000000000001,-0.3400000000000001,-0.2999999999999998
142,-0.7199999999999982,-0.009999999999999998,-0.3299999999999983,-0.27,-0.10999999999999988
143,-0.61,-0.11000000000000001,-0.5,-0.1499999999999999,0.1499999999999999
144,1.1499999999999972,-0.03,-0.2900000000000027,0.030000000000000027,1.44
145,0.06999999999999992,-0.09,0.0,0.1399999999999999,0.020000000000000018
146,-0.42999999999999816,-0.22999999999999998,-0.0799999999999983,0.09000000000000008,-0.20999999999999996
147,-0.8599999999999987,-0.08999999999999997,-0.14999999999999858,-0.31000000000000005,-0.31000000000000005
148,-0.5100000000000002,0.13999999999999996,-0.16000000000000014,-0.1399999999999999,-0.3500000000000001
149,-0.7100000000000033,-0.06,-0.360000000000003,0.07999999999999985,-0.3700000000000001
150,-0.7899999999999987,-0.18999999999999995,-0.4499999999999993,0.20000000000000018,-0.34999999999999964
151,-0.8899999999999986,0.0,-0.48999999999999844,0.05999999999999983,-0.45999999999999996
152,-0.41000000000000014,0.06999999999999995,-0.5899999999999999,0.68,-0.5700000000000003
153,-1.680000000000002,-0.050000000000000044,-0.740000000000002,-0.2899999999999999,-0.6000000000000001
154,-0.9199999999999977,-0.15999999999999992,-0.259999999999998,-0.44999999999999996,-0.04999999999999982
155,0.32999999999999996,-0.22000000000000008,0.16000000000000014,-0.09000000000000008,0.48
156,1.6299999999999997,-0.29000000000000004,0.35999999999999943,0.32000000000000006,1.2400000000000002
157,0.529999999999998,0.010000000000000009,-0.08000000000000185,0.6199999999999999,-0.020000000000000018
158,-0.5299999999999996,0.040000000000000036,-0.4299999999999997,0.07000000000000006,-0.20999999999999996
159,-1.4499999999999993,-0.30000000000000004,-0.5399999999999991,-0.07000000000000006,-0.54
160,-1.1200000000000003,-0.1499999999999999,-0.3200000000000003,-0.28,-0.3700000000000001
161,-0.03000000000000025,0.06000000000000005,0.0,-0.020000000000000018,-0.07000000000000028
162,1.0400000000000016,0.010000000000000009,0.10000000000000142,0.41000000000000014,0.52
163,0.2899999999999992,-0.22999999999999998,0.28999999999999915,0.37999999999999995,-0.1499999999999999
164,-0.7500000000000007,-0.07000000000000006,-0.39000000000000057,-0.06,-0.22999999999999998
165,-1.08,0.10999999999999988,-0.4299999999999997,-0.25,-0.5100000000000002
166,-1.5800000000000007,-0.22999999999999976,-0.5300000000000011,-0.27,-0.5499999999999998
167,-1.2099999999999995,-0.15000000000000036,-0.35999999999999943,-0.15000000000000002,-0.5499999999999998
168,-0.24000000000000044,0.050000000000000266,-0.21000000000000085,0.010000000000000009,-0.08999999999999986
169,0.31000000000000194,-0.06000000000000005,-0.16999999999999815,0.42000000000000004,0.1200000000000001
170,-0.29999999999999993,-0.20000000000000018,-0.2699999999999996,0.12,0.04999999999999982
171,-0.35000000000000064,0.0,0.08999999999999986,-0.13,-0.3100000000000005
172,0.15999999999999825,0.8700000000000001,-0.33000000000000185,-0.13,-0.25
173,-1.449999999999998,-0.27,-0.509999999999998,-0.07999999999999996,-0.5899999999999999
174,-0.9100000000000024,-0.11999999999999988,-0.3100000000000023,-0.030000000000000027,-0.4500000000000002
175,5.920000000000002,-0.030000000000000027,6.210000000000001,-0.14,-0.11999999999999922
176,2.1899999999999995,-0.10999999999999988,0.2699999999999996,-0.020000000000000018,2.05
177,-0.3799999999999988,-0.03000000000000025,-0.05999999999999872,-0.19999999999999996,-0.08999999999999986
178,1.4300000000000006,2.1,-0.35999999999999943,-0.14000000000000012,-0.16999999999999993
179,-1.060000000000002,0.010000000000000002,-0.40000000000000213,-0.16999999999999993,-0.5
180,-0.9300000000000003,-0.13,-0.5,0.06000000000000005,-0.3600000000000003
181,-0.8099999999999986,-0.09,-0.6499999999999986,-0.07000000000000006,0.0
182,0.8100000000000013,0.13,-0.6499999999999986,-0.21999999999999997,1.5499999999999998
183,-0.33000000000000196,0.07999999999999999,-0.15000000000000213,-0.20999999999999996,-0.04999999999999982
184,-0.11999999999999786,-0.030000000000000006,0.240000000000002,-0.07999999999999985,-0.25
185,-0.5200000000000026,-0.07999999999999999,-0.0400000000000027,0.020000000000000018,-0.41999999999999993
186,0.3300000000000003,-0.05000000000000002,-0.10999999999999943,0.6999999999999997,-0.20999999999999996
187,-0.43999999999999967,-0.03999999999999998,-0.2699999999999996,-0.1399999999999999,0.009999999999999787
188,-0.4800000000000008,-0.04999999999999999,-0.5500000000000007,-0.21999999999999997,0.33999999999999986
189,0.11000000000000326,-0.11000000000000004,-0.2099999999999973,-0.20999999999999996,0.6400000000000006
190,-0.3200000000000005,-0.22999999999999998,0.08999999999999986,-0.030000000000000027,-0.15000000000000036
191,0.059999999999996945,-0.30000000000000004,0.4599999999999973,0.09999999999999987,-0.20000000000000018
192,0.9799999999999994,-0.05999999999999994,-0.23000000000000043,1.3,-0.03000000000000025
193,4.370000000000004,0.15000000000000002,-0.36999999999999744,-0.07999999999999996,4.670000000000001
194,-0.8900000000000025,-0.21000000000000008,-0.4700000000000024,-0.10999999999999999,-0.09999999999999999
195,-0.6599999999999971,-0.18999999999999995,-0.29999999999999716,-0.15000000000000002,-0.020000000000000018
196,0.879999999999998,-0.06000000000000005,0.759999999999998,0.13,0.05000000000000002
197,-0.18999999999999798,-0.06000000000000005,-0.09999999999999787,0.06999999999999995,-0.1
198,-0.3100000000000018,-0.16999999999999993,-0.08000000000000185,-0.13,0.07
199,-0.5300000000000004,-0.21999999999999997,-0.23000000000000043,-0.15999999999999992,0.07999999999999999
200,-0.6399999999999978,0.050000000000000044,-0.34999999999999787,-0.19999999999999996,-0.13999999999999999
201,-0.29000000000000176,-0.030000000000000027,-0.1700000000000017,-0.030000000000000027,-0.06
202,7.16,-0.3500000000000001,7.300000000000001,0.08999999999999986,0.12
203,-0.10000000000000107,-0.06000000000000005,-0.20000000000000107,0.06000000000000005,0.09999999999999999
204,-0.18999999999999795,0.07000000000000028,-0.15999999999999837,-0.10999999999999988,0.01
205,-0.16000000000000092,-0.10000000000000009,-0.05000000000000071,0.10999999999999988,-0.12000000000000001
206,-0.7600000000000013,-0.20000000000000018,-0.19000000000000128,-0.17999999999999994,-0.19
207,-0.6500000000000004,-0.31000000000000005,-0.16000000000000014,-0.10000000000000009,-0.08000000000000002
208,0.7000000000000008,-0.4299999999999997,-0.019999999999999574,0.9600000000000001,0.19000000000000003
209,-0.28999999999999915,-0.14000000000000012,-0.129999999999999,-0.22999999999999998,0.21
210,-0.010000000000000222,0.16000000000000014,-0.07000000000000028,-0.09000000000000008,-0.01
211,1.2400000000000009,1.3499999999999999,-0.129999999999999,0.13,-0.11
212,-0.4900000000000006,-0.1100000000000001,-0.39000000000000057,0.18000000000000005,-0.16999999999999998
213,-0.11000000000000076,0.08000000000000007,-0.21000000000000085,0.08000000000000002,-0.06
214,0.09000000000000136,-0.030000000000000027,0.10000000000000142,-0.14,0.15999999999999998
215,7.81,-0.1299999999999999,8.27,-0.23000000000000004,-0.09999999999999998
216,-0.26000000000000056,0.0,-0.14000000000000057,-0.10999999999999999,-0.010000000000000009
217,0.6899999999999994,0.54,-0.14000000000000057,0.20999999999999996,0.07999999999999999
218,-0.3800000000000001,-0.030000000000000027,-0.33000000000000007,0.16000000000000003,-0.18000000000000002
219,-0.4699999999999988,-0.050000000000000044,-0.3899999999999988,0.11000000000000004,-0.14
220,-0.33,-0.1200000000000001,-0.16999999999999993,-0.07,0.030000000000000027
221,-0.480000000000001,-0.22999999999999998,0.049999999999998934,-0.22999999999999998,-0.06999999999999995
222,-0.13999999999999968,-0.1299999999999999,-0.009999999999999787,0.010000000000000009,-0.010000000000000009
223,0.21999999999999964,0.050000000000000044,-0.07000000000000028,0.19999999999999996,0.039999999999999925
224,-0.2899999999999989,-0.07000000000000006,0.030000000000001137,-0.15000000000000002,-0.09999999999999998
225,-0.46000000000000085,-0.19000000000000017,-0.3800000000000008,0.040000000000000036,0.07000000000000006
226,0.07999999999999985,-0.06000000000000005,-0.25,0.47,-0.08000000000000007
227,-0.24999999999999925,-0.17999999999999972,0.0600000000000005,0.02,-0.15000000000000002
228,-0.2699999999999996,-0.2400000000000002,-0.02999999999999936,-0.02,0.020000000000000018
229,-0.39000000000000157,-0.16999999999999993,-0.1700000000000017,-0.11,0.06000000000000005
230,1.1900000000000013,0.1299999999999999,0.5200000000000014,-0.19,0.73
231,-0.17000000000000032,0.020000000000000018,-0.15000000000000036,-0.03999999999999998,0.0
232,-0.15999999999999917,-0.08999999999999986,-0.1999999999999993,0.12999999999999998,0.0
233,0.06999999999999965,0.08999999999999986,0.009999999999999787,-0.03,0.0
234,1.3099999999999992,-0.06000000000000005,1.3699999999999992,0.0,0.0
235,-0.3999999999999998,-0.13999999999999968,-0.08000000000000007,-0.08000000000000002,-0.1
236,-0.44999999999999957,0.009999999999999787,-0.10999999999999943,-0.23999999999999994,-0.10999999999999999
237,0.2099999999999992,0.33000000000000007,0.03999999999999915,-0.14,-0.020000000000000018
238,-0.08999999999999925,-0.08999999999999986,-0.02999999999999936,-0.050000000000000044,0.08000000000000002
239,-0.2500000000000008,0.009999999999999787,-0.0600000000000005,-0.040000000000000036,-0.16
240,-0.239999999999999,-0.08000000000000007,-0.129999999999999,-0.009999999999999898,-0.020000000000000018
241,-0.42000000000000043,-0.2999999999999998,-0.14000000000000057,-0.06000000000000005,0.08000000000000002
242,8.91,-0.2999999999999998,9.38,0.0,-0.16999999999999998
243,-0.1600000000000001,-0.06000000000000005,0.019999999999999962,-0.13,0.010000000000000009
244,0.38999999999999996,0.1499999999999999,0.15000000000000002,0.050000000000000044,0.03999999999999998
245,2.78,2.7399999999999998,0.09999999999999999,0.15999999999999992,-0.21999999999999997
246,0.54,-0.04999999999999999,-0.030000000000000002,0.8,-0.18000000000000005
247,-0.16,0.020000000000000018,-0.15000000000000002,-0.02,-0.010000000000000009
248,-0.30000000000000004,-0.25,-0.01999999999999999,0.0,-0.030000000000000027
249,-0.37,-0.30000000000000004,0.04000000000000001,-0.02,-0.08999999999999997
250,0.10999999999999999,-0.09000000000000008,0.16,-0.04,0.08000000000000007
251,-0.17999999999999994,0.09000000000000008,0.0,-0.12000000000000001,-0.15000000000000002
252,-0.24999999999999994,-0.1499999999999999,-0.009999999999999998,-0.08000000000000002,-0.010000000000000009
253,0.6599999999999999,-0.040000000000000036,-0.06,-0.06,0.82
254,-0.019999999999999934,0.06000000000000005,-0.09,0.07,-0.06
255,0.20999999999999988,-0.14000000000000012,0.07999999999999999,0.18000000000000002,0.09
256,0.03999999999999998,-0.010000000000000009,-0.07,0.009999999999999995,0.11
257,0.39000000000000007,0.42000000000000004,0.13,-0.15999999999999998,0.0
258,0.51,0.64,-0.030000000000000006,-0.020000000000000018,-0.08
259,-0.04000000000000001,-0.020000000000000018,-0.13999999999999999,0.12,0.0
260,-0.14999999999999997,0.11000000000000001,-0.17,-0.07999999999999999,-0.009999999999999995
261,-0.21999999999999992,-0.13999999999999999,-0.19999999999999996,0.010000000000000009,0.11
262,-0.5900000000000001,-0.27999999999999997,-0.20000000000000007,-0.09,-0.02
263,-0.5,-0.4,0.16000000000000003,-0.26000000000000006,0.0
264,-0.54,-0.5700000000000001,0.27,-0.18999999999999995,-0.05
265,-1.0299999999999998,-0.5999999999999999,-0.27,-0.13,-0.03
266,-0.2600000000000001,-0.18000000000000016,-0.07999999999999996,-0.09999999999999998,0.1
267,0.27000000000000013,0.30000000000000027,0.05999999999999994,-0.09000000000000008,0.0
268,-0.13,0.09999999999999987,-0.15000000000000002,-0.07999999999999985,0.0
269,0.14999999999999972,-0.15000000000000013,0.25,0.06999999999999984,-0.02
270,-0.32999999999999985,-0.18999999999999995,-0.010000000000000009,-0.1299999999999999,0.0
271,-0.42000000000000004,-0.4500000000000002,-0.04999999999999993,0.07000000000000006,0.01
272,-0.77,-0.5499999999999998,-0.050000000000000044,-0.1200000000000001,-0.049999999999999996
273,-0.4599999999999997,-0.2799999999999998,-0.07999999999999996,-0.15999999999999992,0.06
274,-0.31000000000000016,-0.06000000000000005,-0.09999999999999998,-0.15000000000000013,0.0
275,0.07000000000000006,0.18999999999999995,0.010000000000000009,-0.1299999999999999,0.0
276,0.9099999999999997,0.3599999999999999,0.6799999999999999,-0.1100000000000001,-0.02
277,-0.5599999999999998,-0.16999999999999993,-0.18,-0.20999999999999996,0.0
278,-0.4499999999999999,-0.3500000000000001,0.0,-0.04999999999999982,-0.05
279,-0.24000000000000005,-0.16999999999999993,0.14,-0.14000000000000012,-0.07
280,-0.34,0.06000000000000005,-0.10000000000000003,-0.33000000000000007,0.030000000000000013
281,1.1500000000000001,0.6499999999999999,0.040000000000000036,0.5300000000000002,-0.06999999999999999
282,-0.10000000000000005,-0.08999999999999986,0.09999999999999998,-0.18000000000000016,0.06999999999999999
283,-0.039999999999999994,-0.16999999999999993,-0.14,0.18999999999999995,0.08
284,-0.11000000000000001,-0.25,-0.03999999999999998,0.21999999999999997,-0.04000000000000001
285,-0.39,-0.27,0.09,-0.020000000000000018,-0.19
286,-0.9499999999999998,-0.23999999999999977,-0.18999999999999997,-0.32000000000000006,-0.2
287,-0.4400000000000008,-0.05000000000000071,-0.010000000000000009,-0.3500000000000001,-0.02999999999999997
288,-0.19999999999999968,0.03000000000000025,0.19,-0.20999999999999996,-0.20999999999999996
289,1.1500000000000004,1.1,0.24,0.11000000000000032,-0.30000000000000004
290,0.2999999999999996,-0.06000000000000005,0.0,0.3299999999999996,0.030000000000000027
291,0.2699999999999998,-0.20000000000000018,-0.02,0.020000000000000018,0.47
292,0.18000000000000033,-0.19999999999999973,0.0,0.06000000000000005,0.32
293,1.8400000000000003,-0.06000000000000005,-0.039999999999999994,2.0700000000000003,-0.13
294,-0.28000000000000014,0.08999999999999986,-0.18,-0.18000000000000002,-0.010000000000000009
295,-0.5199999999999998,-0.1499999999999999,-0.35,-0.019999999999999962,0.0
296,-0.34999999999999987,0.010000000000000231,-0.45000000000000007,0.19999999999999998,-0.10999999999999999
297,-0.3899999999999999,-0.22999999999999998,-0.17999999999999994,0.09,-0.07
298,-0.17000000000000043,-0.3400000000000003,0.10999999999999988,0.0,0.06
299,-0.9399999999999993,-0.39999999999999947,-0.2699999999999998,-0.05,-0.22000000000000003
300,-0.6000000000000006,-0.1800000000000006,-0.26,-0.05,-0.10999999999999999
301,1.96,2.18,-0.14000000000000012,-0.07999999999999999,0.0
302,-0.49,-0.20000000000000018,-0.2899999999999998,0.12,-0.12
303,-0.7600000000000002,-0.16999999999999993,-0.4500000000000002,0.06,-0.20000000000000007
304,-0.12999999999999987,0.0,-0.22999999999999998,-0.02,0.1200000000000001
305,-0.07000000000000006,-0.22999999999999998,0.0,0.0,0.15999999999999992
306,-0.6699999999999997,-0.27,-0.2599999999999998,-0.06999999999999999,-0.06999999999999995
307,-0.72,-0.1599999999999997,-0.3400000000000003,-0.19999999999999998,-0.020000000000000018
308,1.94,2.3899999999999997,-0.19999999999999973,-0.050000000000000044,-0.20000000000000007
309,-0.4200000000000001,-0.030000000000000027,-0.3700000000000001,-0.009999999999999953,-0.010000000000000009
310,-0.66,0.030000000000000027,-0.41000000000000014,-0.20000000000000007,-0.07999999999999985
311,-0.3400000000000004,-0.29000000000000004,-0.11000000000000032,-0.04999999999999993,0.10999999999999988
312,-0.279999999999999,-0.24,-0.07999999999999918,0.13,-0.08999999999999986
313,-0.3300000000000006,0.1299999999999999,-0.1900000000000004,-0.16000000000000003,-0.1100000000000001
314,-0.38999999999999946,0.41000000000000014,-0.4299999999999997,-0.18999999999999995,-0.17999999999999994
315,-0.5300000000000007,0.029999999999999805,-0.5600000000000005,-0.020000000000000018,0.020000000000000018
316,-0.7299999999999995,-0.25,-0.4399999999999995,0.010000000000000009,-0.050000000000000044
317,0.6200000000000003,-0.33999999999999986,-0.16999999999999993,0.010000000000000009,1.12
318,-0.1500000000000003,-0.3599999999999999,0.019999999999999574,0.10999999999999999,0.08000000000000002
319,0.059999999999999276,-0.15000000000000036,0.17999999999999972,-0.08000000000000007,0.10999999999999999
320,0.9200000000000007,0.18000000000000016,0.6000000000000005,0.050000000000000044,0.09
321,-0.6100000000000002,0.040000000000000036,-0.41000000000000014,-0.050000000000000044,-0.19000000000000003
322,0.4900000000000003,0.07000000000000006,-0.2999999999999998,0.7000000000000001,0.020000000000000018
323,-0.24000000000000069,-0.2500000000000002,-0.020000000000000462,-0.07,0.1
324,-0.3000000000000002,-0.25,0.009999999999999787,0.11,-0.17
325,1.6,0.22999999999999998,1.37,0.04,-0.03999999999999998
326,1.8500000000000005,2.1,-0.1899999999999995,-0.04,-0.020000000000000018
327,-0.62,-0.06,-0.25,-0.05,-0.26
328,-0.6000000000000003,0.0,-0.3600000000000003,-0.1,-0.14
329,-0.48999999999999955,-0.1,-0.47999999999999954,0.06,0.030000000000000027
330,-0.41999999999999993,-0.21999999999999997,-0.20999999999999996,0.12000000000000001,-0.10999999999999999
331,-0.1800000000000007,-0.010000000000000009,-0.010000000000000675,-0.02,-0.14
332,2.0100000000000002,0.14999999999999997,1.9800000000000004,-0.15,0.030000000000000027
333,0.03999999999999995,0.06,0.0,0.03,-0.050000000000000044
334,-0.2799999999999997,-0.14999999999999997,0.03000000000000025,0.1,-0.26
335,-0.49000000000000016,0.0,-0.41000000000000014,-0.08000000000000002,0.0
336,-0.010000000000000037,0.010000000000000009,-0.33000000000000007,0.04000000000000001,0.27
337,-0.09999999999999977,-0.16999999999999998,-0.04999999999999982,0.08,0.040000000000000036
338,-0.11000000000000006,-0.010000000000000009,-0.08000000000000007,-0.05,0.030000000000000027
339,-0.2700000000000007,0.15999999999999998,-0.1800000000000006,-0.16999999999999998,-0.08000000000000007
340,-0.01999999999999963,0.42,-0.09999999999999964,-0.10999999999999999,-0.22999999999999998
341,-0.6699999999999998,-0.030000000000000002,-0.21999999999999975,-0.11000000000000004,-0.31000000000000005
342,-0.6600000000000001,0.0,-0.3200000000000003,-0.19,-0.1499999999999999
343,-0.32999999999999985,-0.009999999999999995,-0.16999999999999993,-0.17999999999999994,0.030000000000000027
344,1.5200000000000002,-0.19,0.28000000000000025,0.15999999999999992,1.27
345,0.6099999999999999,-0.09000000000000002,0.5499999999999998,0.21000000000000002,-0.06
346,-0.30000000000000027,0.040000000000000036,-0.28000000000000025,-0.09000000000000002,0.02999999999999997
347,-0.33000000000000007,-0.16999999999999998,0.009999999999999787,-0.1499999999999999,-0.019999999999999962
348,0.01000000000000062,-0.040000000000000036,0.05000000000000071,0.29,-0.29000000000000004
349,-0.2800000000000006,0.04999999999999999,-0.0600000000000005,0.02999999999999997,-0.30000000000000004
350,-0.4699999999999997,-0.16999999999999998,-0.33999999999999986,0.36,-0.31999999999999984
351,-0.87,-0.39,-0.1299999999999999,-0.039999999999999994,-0.31000000000000005
352,-0.6599999999999999,-0.21999999999999997,-0.040000000000000036,0.0,-0.3999999999999999
353,-0.24999999999999994,0.040000000000000036,-0.040000000000000036,-0.06,-0.18999999999999995
354,0.3600000000000002,0.020000000000000018,-0.05999999999999961,0.12,0.2799999999999998
355,0.5599999999999992,0.08999999999999986,-0.22000000000000064,0.0,0.69
356,-0.48999999999999977,-0.030000000000000027,-0.2999999999999998,-0.02,-0.1399999999999999
357,-0.3600000000000001,-0.30999999999999983,-0.11000000000000032,0.0,0.06000000000000005
358,0.020000000000000028,-0.43000000000000016,0.4900000000000002,-0.009999999999999998,-0.030000000000000027
359,-0.7099999999999992,-0.18999999999999972,-0.14999999999999947,-0.12,-0.25
360,-0.16000000000000072,0.05999999999999983,-0.0600000000000005,-0.12000000000000002,-0.040000000000000036
361,0.4799999999999998,0.10000000000000009,-0.11000000000000032,-0.03999999999999998,0.53
362,0.5600000000000004,-0.17999999999999994,-0.2699999999999996,0.07999999999999999,0.9299999999999999
363,-0.3400000000000004,-0.14000000000000012,-0.11000000000000032,-0.06999999999999998,-0.020000000000000018
364,-0.07999999999999943,-0.33000000000000007,0.1800000000000006,-0.04999999999999999,0.12000000000000002
365,-0.6100000000000005,-0.20999999999999996,-0.10000000000000053,-0.17000000000000004,-0.13000000000000003
366,0.37000000000000005,0.5800000000000001,-0.08000000000000007,-0.12,-0.009999999999999953
367,-0.2499999999999998,-0.1200000000000001,-0.17999999999999972,-0.07999999999999996,0.12999999999999998
368,-0.43999999999999995,-0.1299999999999999,-0.29000000000000004,0.07999999999999996,-0.1
369,-0.22000000000000003,0.040000000000000036,-0.16000000000000014,-0.06999999999999995,-0.02999999999999997
370,3.39,-0.11000000000000032,3.6900000000000004,-0.10000000000000009,-0.09000000000000002
371,-0.21999999999999997,-0.029999999999999805,0.08999999999999986,0.010000000000000009,-0.29000000000000004
372,0.38000000000000045,1.06,-0.13999999999999968,-0.18999999999999995,-0.35
373,0.81,1.25,0.0,-0.040000000000000036,-0.3999999999999999
374,-0.3100000000000005,-0.060000000000000026,-0.15000000000000036,0.030000000000000027,-0.13000000000000012
375,0.42000000000000015,0.23,0.16000000000000014,-0.020000000000000018,0.050000000000000044
376,-0.17999999999999997,0.02,0.08000000000000007,-0.10000000000000009,-0.17999999999999994
377,0.03999999999999958,0.02,-0.10000000000000053,0.07000000000000006,0.050000000000000044
378,-0.3199999999999995,-0.09,0.020000000000000462,-0.22999999999999998,-0.020000000000000018
379,-0.5999999999999999,-0.07,-0.08999999999999986,-0.1399999999999999,-0.30000000000000004
380,-0.5700000000000002,-0.18000000000000002,-0.20999999999999996,-0.07000000000000006,-0.1100000000000001
381,0.10000000000000014,-0.26999999999999996,-0.1299999999999999,-0.07000000000000006,0.5700000000000001
382,-0.3200000000000006,-0.09999999999999998,0.02999999999999936,-0.1499999999999999,-0.10000000000000009
383,1.0899999999999999,0.27999999999999997,-0.08000000000000007,0.3699999999999999,0.52
384,0.30000000000000027,0.25,0.03000000000000025,-0.020000000000000018,0.040000000000000036
385,5.48,-0.05000000000000002,4.38,1.2100000000000002,-0.06000000000000005
386,-0.36999999999999983,-0.07999999999999999,-0.12999999999999998,-0.06,-0.09999999999999987
387,-0.060000000000000026,-0.07,0.02999999999999997,-0.05000000000000002,0.030000000000000027
388,-0.07000000000000006,0.08000000000000002,0.13,-0.2,-0.08000000000000007
389,0.9400000000000002,-0.020000000000000018,-0.10999999999999999,-0.009999999999999953,1.08
390,-0.31999999999999995,-0.15999999999999998,-0.18,0.15999999999999998,-0.13999999999999999
391,-0.29000000000000004,-0.25,0.06,-0.15000000000000002,0.04999999999999999
392,0.3,-0.16000000000000003,0.24,-0.02999999999999997,0.25
393,-0.18,-0.12,-0.03,-0.010000000000000009,-0.02
394,-0.28,-0.020000000000000018,-0.12000000000000002,-0.14,0.0
395,-0.2499999999999999,-0.1499999999999999,-0.14999999999999997,0.09999999999999998,-0.05
396,-0.08999999999999986,0.040000000000000036,-0.04999999999999999,-0.029999999999999916,-0.04999999999999999
397,-0.3500000000000001,-0.08000000000000007,-0.10999999999999999,-0.030000000000000027,-0.13
398,-0.48000000000000004,0.07000000000000006,-0.3400000000000001,-0.050000000000000044,-0.15999999999999998
399,-0.6700000000000002,-0.17000000000000015,-0.35,-0.12,-0.030000000000000027
400,-0.16999999999999982,0.25,-0.3699999999999999,-0.19999999999999996,0.15000000000000002
401,-0.58,-0.020000000000000018,-0.3699999999999999,-0.050000000000000044,-0.14
402,-0.46000000000000013,0.0,-0.3700000000000001,0.08999999999999997,-0.18
403,-0.7299999999999998,-0.1299999999999999,-0.43999999999999995,-0.07999999999999996,-0.07999999999999996
404,-0.6200000000000002,-0.21999999999999997,-0.5700000000000003,0.06000000000000005,0.10999999999999999
405,-0.56,-0.28,-0.08999999999999986,-0.1100000000000001,-0.08000000000000007
406,0.2899999999999998,-0.020000000000000018,0.5499999999999998,-0.29000000000000004,0.050000000000000044
407,0.8400000000000002,0.030000000000000027,1.1600000000000001,-0.24,-0.10999999999999999
408,0.6700000000000003,1.12,-0.10999999999999988,-0.1499999999999999,-0.19000000000000006
409,-0.7000000000000003,-0.32000000000000006,-0.26000000000000023,-0.07000000000000006,-0.04999999999999993
410,-0.55,-0.18000000000000005,-0.3500000000000001,-0.1499999999999999,0.13
411,0.4800000000000001,0.09000000000000008,-0.1299999999999999,-0.27,0.7899999999999999
412,0.9600000000000001,0.06999999999999995,0.9100000000000001,-0.040000000000000036,0.02
413,0.6099999999999999,0.040000000000000036,0.5,0.06999999999999984,0.0
414,-0.14000000000000007,0.010000000000000009,-0.07000000000000006,-0.020000000000000018,-0.06
415,-0.30999999999999966,0.12,-0.1499999999999999,-0.23999999999999977,-0.039999999999999994
416,-0.8300000000000002,-0.19999999999999996,-0.15000000000000013,-0.3900000000000001,-0.09
417,1.4900000000000002,0.49999999999999994,-0.19999999999999996,1.2100000000000002,-0.020000000000000018
418,-0.21999999999999997,0.030000000000000027,0.08000000000000007,-0.33000000000000007,0.0
419,0.48,0.32,0.19999999999999996,0.020000000000000018,-0.05999999999999997
420,1.74,0.09,1.22,0.20999999999999996,0.21999999999999997
421,0.13000000000000006,0.01,-0.18,0.29000000000000004,0.010000000000000009
422,-0.4099999999999999,-0.11,0.030000000000000027,-0.18999999999999995,-0.14
423,-0.51,-0.16000000000000003,0.03999999999999998,-0.27,-0.12
424,-0.47999999999999987,-0.06999999999999995,-0.18999999999999995,-0.24,0.020000000000000018
425,-0.9000000000000001,0.03999999999999998,-0.43000000000000005,-0.56,0.04999999999999999
426,-1.01,-0.16999999999999998,-0.1299999999999999,-0.6600000000000001,-0.04999999999999999
427,-0.4399999999999998,-0.37,0.15999999999999992,-0.17999999999999972,-0.04999999999999999
428,0.02999999999999975,-0.15000000000000002,-0.010000000000000009,0.2599999999999998,-0.07
429,1.02,0.21999999999999997,0.12,0.71,-0.030000000000000027
430,-0.24999999999999994,0.12,-0.2400000000000001,-0.04999999999999982,-0.08000000000000002
431,-0.6099999999999999,-0.15000000000000002,-0.32999999999999985,0.0,-0.13
432,0.2699999999999998,-0.24,-0.17000000000000015,0.6699999999999999,0.010000000000000009
433,-0.33999999999999997,-0.33999999999999986,0.0,0.09999999999999987,-0.09999999999999998
434,-0.12,-0.16000000000000014,-0.09999999999999987,0.26,-0.12
435,1.21,0.3400000000000001,0.48,0.31000000000000005,0.07999999999999996
436,0.27,0.33999999999999997,-0.18999999999999995,0.26,-0.14
437,-0.45999999999999996,-0.14,-0.22999999999999998,0.030000000000000027,-0.12
438,0.01000000000000012,-0.19999999999999996,-0.25,-0.24,0.7000000000000001
439,-0.20999999999999996,0.07000000000000006,-0.020000000000000018,-0.010000000000000009,-0.25
440,1.25,0.2899999999999999,0.9199999999999999,0.040000000000000036,0.0
441,1.3199999999999998,-0.09999999999999998,0.78,0.17999999999999994,0.45999999999999996
442,0.20000000000000004,0.010000000000000009,0.0,0.14,0.05000000000000002
443,0.5399999999999998,0.8699999999999999,0.1,-0.22000000000000008,-0.21
444,-0.6199999999999999,-0.06,-0.2,-0.2899999999999998,-0.07
445,-0.4100000000000002,0.06,-0.36000000000000004,-0.16000000000000014,0.04999999999999999
446,-0.4600000000000001,-0.01999999999999999,-0.41000000000000003,-0.010000000000000009,-0.020000000000000018
447,-0.01999999999999988,-0.19000000000000003,-0.09999999999999987,0.27,0.0
448,-0.02999999999999997,-0.25,0.20999999999999996,0.050000000000000044,-0.03999999999999998
449,-0.41999999999999993,0.010000000000000009,-0.010000000000000009,-0.17999999999999994,-0.24
450,-0.09000000000000019,0.16000000000000003,0.08999999999999997,-0.18000000000000016,-0.16000000000000003
451,-0.26999999999999974,-0.06,-0.2499999999999999,-0.08999999999999986,0.13
452,-0.18,0.019999999999999962,-0.30000000000000004,0.07000000000000006,0.030000000000000027
453,0.16999999999999976,-0.009999999999999953,-0.1200000000000001,0.31999999999999984,-0.020000000000000018
454,1.11,-0.10000000000000003,0.44999999999999996,0.8800000000000001,-0.12
455,-0.47,0.08000000000000002,-0.16999999999999993,-0.13000000000000006,-0.25
456,0.03000000000000025,0.4,0.30000000000000004,-0.29999999999999993,-0.3699999999999999
457,-0.45000000000000023,-0.07,-0.13000000000000012,-0.14,-0.1100000000000001
458,0.30000000000000016,0.0,0.10000000000000009,0.15000000000000002,0.050000000000000044
459,0.3099999999999999,0.08,0.10999999999999999,0.20999999999999996,-0.09000000000000008
460,0.8699999999999999,-0.06,0.73,0.28,-0.08000000000000007
461,-0.09999999999999987,-0.15999999999999998,-0.16999999999999998,-0.10999999999999999,0.3400000000000001
462,-0.63,-0.010000000000000009,-0.21999999999999997,-0.20000000000000007,-0.19999999999999996
463,-0.23000000000000015,0.04999999999999999,0.039999999999999925,0.020000000000000018,-0.3400000000000001
464,0.060000000000000164,-0.14,0.31000000000000005,0.06000000000000005,-0.16999999999999993
465,0.17999999999999997,-0.02999999999999997,0.03,-0.07000000000000006,0.25
466,-0.2599999999999999,0.010000000000000009,0.0,-0.12,-0.1499999999999999
467,-0.20999999999999988,-0.21999999999999997,0.03,0.13,-0.1499999999999999
468,-0.49000000000000044,-0.10000000000000009,-0.17,-0.06999999999999995,-0.15000000000000036
469,-0.31999999999999973,0.06000000000000005,0.030000000000000027,-0.21000000000000008,-0.19999999999999973
470,-0.2500000000000001,0.030000000000000027,0.010000000000000009,-0.17000000000000004,-0.1200000000000001
471,-0.1700000000000001,0.04999999999999993,-0.24000000000000005,0.040000000000000036,-0.020000000000000018
472,-0.3899999999999998,-0.09999999999999998,-0.21999999999999997,0.10000000000000009,-0.16999999999999993
473,-0.3500000000000001,-0.22999999999999998,0.010000000000000009,-0.030000000000000027,-0.10000000000000009
474,-0.24000000000000032,-0.040000000000000036,-0.17000000000000004,-0.10000000000000009,0.06999999999999984
475,-0.5099999999999996,0.09999999999999998,-0.21999999999999986,-0.18999999999999995,-0.19999999999999973
476,0.4,0.68,-0.050000000000000044,-0.020000000000000018,-0.20999999999999996
477,-0.07000000000000017,-0.13,-0.010000000000000009,0.0,0.06999999999999984
478,1.9000000000000001,-0.010000000000000009,-0.09000000000000008,0.10000000000000009,1.9000000000000001
479,-0.020000000000000046,0.060000000000000026,0.020000000000000018,-0.07000000000000006,-0.030000000000000027
480,-0.3600000000000003,-0.07000000000000003,-0.10000000000000009,-0.030000000000000027,-0.16000000000000014
481,-0.7699999999999998,-0.19999999999999996,-0.24,-0.09999999999999987,-0.22999999999999998
482,-0.26999999999999985,0.02999999999999997,-0.06999999999999984,-0.22999999999999998,0.0
483,0.2699999999999998,0.27,0.07999999999999985,-0.20000000000000018,0.1200000000000001
484,-0.2099999999999999,-0.10000000000000003,0.10000000000000009,-0.1299999999999999,-0.08000000000000007
485,1.0899999999999999,-0.09999999999999998,0.06000000000000005,-0.16000000000000014,1.29
486,1.3299999999999998,-0.15000000000000002,0.05999999999999983,1.56,-0.14
487,-0.44999999999999973,-0.15000000000000002,-0.029999999999999805,-0.06999999999999995,-0.19999999999999996
488,-0.07000000000000006,-0.16999999999999993,-0.10000000000000009,0.14,0.05999999999999994
489,0.42999999999999994,-0.27000000000000013,0.31000000000000005,-0.030000000000000027,0.42000000000000004
490,1.25,0.040000000000000036,1.0899999999999999,0.10000000000000003,0.020000000000000004
491,0.15000000000000002,0.050000000000000044,-0.15,0.42,-0.17
492,-0.13999999999999999,0.16000000000000003,0.01999999999999999,-0.07,-0.25
493,-0.20999999999999996,0.020000000000000018,0.05000000000000002,-0.03,-0.25
494,-0.58,-0.08999999999999997,-0.25,0.03,-0.27
495,-0.65,0.10999999999999999,-0.34,-0.16999999999999998,-0.25
496,-0.94,-0.040000000000000036,-0.49,-0.06,-0.34999999999999987
497,-0.59,-0.020000000000000018,-0.6199999999999999,0.07999999999999999,-0.030000000000000027
498,0.12999999999999964,-0.030000000000000027,-0.30000000000000027,0.03,0.42999999999999994
499,0.44000000000000017,-0.19000000000000006,0.30000000000000027,-0.03,0.36
500,0.4099999999999998,-0.25,0.5599999999999998,-0.05000000000000002,0.15000000000000002
501,-0.32999999999999985,-0.05999999999999983,0.020000000000000018,-0.10999999999999999,-0.18000000000000005
502,-0.17000000000000004,0.24,-0.32000000000000006,-0.15000000000000002,0.06000000000000005
503,-0.41000000000000003,-0.09000000000000008,-0.41999999999999993,0.030000000000000027,0.06999999999999995
504,0.2900000000000002,-0.050000000000000044,-0.009999999999999787,0.44,-0.08999999999999997
505,-0.020000000000000295,0.0,-0.010000000000000231,-0.07,0.05999999999999994
506,0.7300000000000003,-0.09999999999999987,-0.009999999999999787,0.09,0.75
507,0.2499999999999996,0.04999999999999982,0.2699999999999998,0.0,-0.06999999999999999
508,0.74,1.23,-0.26,-0.15,-0.08000000000000002
509,-0.7999999999999998,-0.14999999999999997,-0.2999999999999998,-0.21000000000000002,-0.14
510,-0.4700000000000003,0.009999999999999953,-0.30000000000000027,0.0,-0.18
511,-2.7755575615628914e-17,0.19000000000000003,-0.06000000000000005,0.16000000000000003,-0.29000000000000004
512,0.5400000000000004,-0.09,0.9700000000000002,0.0,-0.33999999999999986
513,1.5599999999999998,0.04999999999999999,1.52,-0.040000000000000036,0.029999999999999805
514,0.37000000000000016,0.010000000000000009,0.010000000000000009,-0.15999999999999998,0.5100000000000001
515,0.06,-0.15000000000000002,0.2,-0.26999999999999996,0.27999999999999997
516,0.030000000000000054,-0.02999999999999997,-0.06,-0.12,0.24000000000000002
517,-0.18000000000000002,-0.04999999999999999,-0.19,0.10999999999999999,-0.05000000000000002
518,-0.59,-0.24,-0.35,0.020000000000000018,-0.01999999999999999
519,-0.9299999999999999,-0.39,-0.5099999999999999,-0.19000000000000006,0.16
520,-0.7700000000000001,-0.19999999999999996,-0.31000000000000005,-0.21000000000000008,-0.05
521,-0.1499999999999998,-0.020000000000000018,0.06000000000000005,-0.06999999999999984,-0.12000000000000001
522,-0.15000000000000013,0.020000000000000018,-0.07000000000000006,-0.1100000000000001,0.010000000000000009
523,0.0799999999999998,0.17999999999999994,-0.14000000000000012,-0.030000000000000027,0.07
524,0.6900000000000001,-0.1299999999999999,-0.21999999999999997,1.21,-0.17
525,-0.7200000000000003,-0.2100000000000002,-0.41000000000000014,-0.04999999999999999,-0.04999999999999999
526,-0.7799999999999995,-0.2999999999999998,-0.5599999999999996,0.06999999999999999,0.010000000000000009
527,-0.7700000000000004,-0.42000000000000015,-0.2200000000000002,-0.06000000000000001,-0.07
528,-0.6699999999999995,-0.5099999999999998,-0.029999999999999805,-0.14999999999999997,0.020000000000000018
529,-0.060000000000000775,-0.17000000000000037,0.09999999999999964,0.02999999999999997,-0.020000000000000018
530,0.21000000000000046,0.18000000000000016,0.07000000000000028,0.2,-0.24
531,-0.07000000000000031,0.33999999999999986,-0.2200000000000002,-0.1,-0.08999999999999997
532,-0.4699999999999998,-0.21999999999999975,-0.45999999999999996,0.07,0.1399999999999999
533,-0.4100000000000001,-0.10000000000000009,-0.33000000000000007,0.06999999999999999,-0.04999999999999993
534,-0.4500000000000002,-0.3500000000000001,-0.1200000000000001,0.0,0.020000000000000018
535,1.2100000000000002,-0.29000000000000004,1.5700000000000003,-0.030000000000000002,-0.040000000000000036
536,-0.4699999999999998,0.0,-0.10999999999999988,-0.16999999999999998,-0.18999999999999995
537,1.07,1.2800000000000002,-0.10000000000000009,-0.07999999999999999,-0.030000000000000027
538,-0.2800000000000004,-0.030000000000000027,-0.3600000000000003,0.06,0.04999999999999993
539,0.4600000000000002,-0.07000000000000006,-0.2799999999999998,0.22,0.5900000000000001
540,-0.44000000000000006,-0.33999999999999986,-0.18000000000000016,0.0,0.07999999999999999
541,-0.4999999999999998,-0.3900000000000001,-0.11999999999999966,-0.02,0.03
542,-1.0500000000000005,-0.4500000000000002,-0.30000000000000027,-0.15,-0.15
543,-0.13999999999999999,-0.06000000000000005,0.06000000000000005,-0.18,0.04000000000000001
544,0.15999999999999998,0.5300000000000002,-0.26000000000000023,-0.17000000000000004,0.06
545,-0.6999999999999997,-0.43999999999999995,-0.08999999999999986,-0.039999999999999925,-0.13000000000000003
546,0.17000000000000026,0.040000000000000036,0.26000000000000023,0.08999999999999997,-0.21999999999999997
547,0.20999999999999996,-0.1200000000000001,0.5800000000000001,-0.020000000000000018,-0.22999999999999998
548,1.0699999999999998,-0.29000000000000004,1.5099999999999998,0.10000000000000003,-0.25
549,1.0799999999999998,-0.2200000000000002,1.36,-0.09000000000000002,0.030000000000000027
550,0.47000000000000003,0.29000000000000004,-0.15999999999999998,-0.09999999999999998,0.43999999999999995
551,1.8100000000000003,1.1300000000000003,0.22999999999999998,0.05999999999999994,0.39
552,0.3299999999999998,-0.050000000000000266,0.32,-0.04999999999999993,0.11
553,-0.44999999999999973,-0.13999999999999968,-0.15,-0.07000000000000006,-0.09000000000000001
554,-0.5000000000000002,-0.2400000000000002,-0.05000000000000002,-0.029999999999999916,-0.18000000000000002
555,-0.5099999999999999,-0.3599999999999999,-0.03999999999999998,-0.050000000000000044,-0.06
556,0.6699999999999999,-0.08000000000000007,-0.07,0.7,0.12000000000000002
557,-0.030000000000000193,0.04999999999999982,0.0,-0.1,0.01999999999999999
558,0.1500000000000002,-0.029999999999999805,0.02999999999999997,0.06000000000000001,0.09000000000000001
559,-0.18999999999999984,-0.10999999999999988,-0.24999999999999994,0.08,0.09
560,-0.42000000000000026,-0.26000000000000023,-0.13,-0.02,-0.009999999999999998
561,-0.3500000000000001,-0.3900000000000001,0.020000000000000018,0.0,0.019999999999999997
562,-0.4699999999999998,-0.23999999999999977,-0.15000000000000002,-0.030000000000000002,-0.049999999999999996
563,-0.2800000000000005,0.019999999999999574,-0.2600000000000001,0.05,-0.09
564,0.8400000000000004,0.8400000000000003,-0.06999999999999984,0.0,0.06999999999999999
565,-0.31999999999999984,-0.2599999999999998,-0.08000000000000007,0.0,0.020000000000000004
566,-0.08000000000000024,-0.03000000000000025,0.020000000000000018,-0.02,-0.05
567,-0.18999999999999978,-0.2799999999999998,0.020000000000000018,-0.009999999999999998,0.08
568,-0.4300000000000001,-0.5,0.1499999999999999,-0.11000000000000001,0.03
569,-0.8299999999999996,-0.6399999999999997,0.040000000000000036,-0.22999999999999998,0.0
570,-0.6900000000000002,-0.3700000000000001,-0.25,-0.07,0.0
571,-0.05000000000000068,-0.010000000000000675,-0.040000000000000036,0.09000000000000002,-0.09
572,0.05000000000000063,0.10000000000000053,0.13000000000000012,-0.08000000000000002,-0.1
573,-0.20999999999999996,-0.1299999999999999,-0.040000000000000036,-0.030000000000000027,-0.010000000000000009
574,-0.2600000000000003,-0.40000000000000036,0.020000000000000018,0.050000000000000044,0.07
575,0.08000000000000018,-0.6399999999999997,1.14,-0.26000000000000006,-0.15999999999999998
576,-0.9600000000000002,-0.7000000000000002,-0.07,-0.18999999999999995,0.0
577,-0.2699999999999999,-0.3799999999999999,0.05000000000000002,0.0,0.05999999999999997
578,-0.5000000000000002,-0.20000000000000018,0.01999999999999999,-0.09999999999999998,-0.22
579,-0.3000000000000004,0.019999999999999574,-0.04999999999999999,-0.16999999999999993,-0.10000000000000003
580,1.67,1.4100000000000001,0.09999999999999999,0.029999999999999805,0.13000000000000006
581,-0.44999999999999934,-0.1899999999999995,0.02,-0.08999999999999986,-0.19
582,-0.24000000000000063,0.019999999999999574,-0.02,-0.17000000000000015,-0.07000000000000006
583,0.030000000000000148,-0.25,-0.009999999999999998,0.10000000000000009,0.19000000000000006
584,-0.38,-0.25,-0.16,0.06000000000000005,-0.030000000000000027
585,-0.18000000000000022,-0.040000000000000036,-0.2,0.07999999999999985,-0.020000000000000018
586,-0.42999999999999944,-0.13999999999999968,-0.019999999999999962,-0.09999999999999987,-0.16999999999999993
587,-0.35000000000000053,-0.1900000000000004,0.23999999999999996,-0.15000000000000013,-0.25
588,-0.2899999999999992,-0.1999999999999993,0.07,-0.05999999999999983,-0.10000000000000009
589,-0.010000000000000675,-0.1800000000000006,0.0,0.09999999999999987,0.07000000000000006
590,-0.18999999999999972,-0.17999999999999972,0.0,0.010000000000000009,-0.020000000000000018
591,-0.38999999999999957,-0.04999999999999982,-0.1,-0.08999999999999986,-0.1499999999999999
592,-0.4599999999999996,-0.39999999999999947,0.08000000000000002,-0.15000000000000013,0.010000000000000009
593,0.589999999999999,-0.20000000000000107,0.12,-0.11999999999999988,0.7899999999999999
594,-0.4900000000000004,-0.07000000000000028,-0.07,-0.1200000000000001,-0.22999999999999998
595,-0.6,-0.25,-0.1,0.020000000000000018,-0.27
596,-0.2999999999999985,-0.14999999999999858,-0.1,-0.19999999999999996,0.15000000000000002
597,2.829999999999999,2.869999999999999,0.060000000000000026,-0.33999999999999986,0.24
598,6.37,6.11,0.19,-0.11000000000000032,0.18
599,0.009999999999999919,0.019999999999999997,-0.05,0.18999999999999995,-0.15000000000000002
600,0.2600000000000002,0.0,-0.2,0.43000000000000016,0.030000000000000027
601,-0.19999999999999998,-0.060000000000000005,-0.32999999999999996,-0.010000000000000009,0.19999999999999998
602,-0.44999999999999996,-0.19999999999999998,-0.09999999999999998,0.010000000000000009,-0.16
603,-0.38000000000000006,-0.2,0.019999999999999907,-0.18999999999999995,-0.010000000000000009
604,-0.030000000000000027,0.020000000000000018,0.020000000000000018,-0.08000000000000007,0.010000000000000009
605,-0.19000000000000006,0.27,-0.13,-0.10000000000000009,-0.22999999999999998
606,-0.16,0.07999999999999999,0.0,-0.18999999999999995,-0.050000000000000044
607,1.7300000000000002,-0.07999999999999999,-0.30000000000000004,1.9700000000000002,0.14
608,0.22000000000000006,-0.05000000000000002,-0.17999999999999994,0.07,0.38
609,-0.41000000000000003,-0.12,-0.050000000000000044,-0.12,-0.12
610,-0.25000000000000006,-0.24,-0.020000000000000018,-0.10000000000000003,0.10999999999999999
611,-0.059999999999999845,-0.06000000000000005,-0.08999999999999986,0.06000000000000005,0.030000000000000013
612,-1.1102230246251565e-16,0.21000000000000008,0.06999999999999984,-0.13,-0.15000000000000002
613,-0.31999999999999995,-0.020000000000000018,-0.25,-0.06999999999999995,0.020000000000000018
614,-0.30000000000000004,-0.050000000000000044,-0.3699999999999999,0.039999999999999925,0.07999999999999999
615,-0.4299999999999998,-0.16999999999999993,-0.10999999999999988,0.020000000000000018,-0.17
616,-0.16000000000000025,-0.20000000000000007,0.04999999999999982,-0.050000000000000044,0.040000000000000036
617,-0.2799999999999998,-0.22999999999999987,0.09000000000000008,-0.10999999999999999,-0.030000000000000027
618,-0.6000000000000001,0.0,-0.26,-0.14,-0.2
619,0.05999999999999983,0.30999999999999994,-0.2200000000000002,0.020000000000000018,-0.04999999999999993
620,1.57,0.72,-0.06999999999999984,0.8,0.11999999999999994
621,0.2699999999999998,-0.030000000000000013,-0.16000000000000014,0.11,0.35
622,-0.2299999999999997,-0.09999999999999998,-0.19999999999999973,0.0,0.07
623,-0.1700000000000001,-0.10000000000000003,-0.08000000000000007,0.0,0.009999999999999998
624,-0.18999999999999986,0.18000000000000002,-0.3599999999999999,0.0,-0.009999999999999998
625,-0.16000000000000006,0.16,-0.33000000000000007,-0.02,0.03
626,-0.21000000000000008,-0.02,-0.10000000000000009,-0.09,0.0
627,-0.2200000000000002,-0.030000000000000002,0.04999999999999982,-0.2,-0.04
628,-0.5,-0.15999999999999998,-0.020000000000000018,-0.19,-0.13
629,-0.3099999999999996,-0.24000000000000002,-0.05999999999999961,0.0,-0.009999999999999981
630,0.5199999999999997,-0.03999999999999998,0.4299999999999997,-0.030000000000000027,0.16
631,0.05000000000000007,0.0,0.08000000000000007,0.0,-0.030000000000000002
632,1.15,-0.25,1.43,0.040000000000000036,-0.06999999999999999
633,-0.6699999999999998,-0.010000000000000009,-0.20999999999999974,-0.4,-0.05000000000000002
634,-0.0900000000000003,0.32,-0.1900000000000004,-0.29999999999999993,0.08000000000000002
635,0.33000000000000024,0.33999999999999997,0.03000000000000025,0.040000000000000036,-0.08000000000000002
636,0.21999999999999958,0.06999999999999999,-0.03000000000000025,0.07999999999999985,0.1
637,0.03000000000000022,-0.05,-0.029999999999999805,0.15000000000000002,-0.039999999999999994
638,-0.6100000000000002,-0.19,-0.20000000000000018,-0.14,-0.08
639,-0.47,-0.30000000000000004,-0.040000000000000036,0.09000000000000008,-0.21999999999999997
640,-0.6299999999999999,-0.1499999999999999,-0.10999999999999988,-0.1200000000000001,-0.25000000000000006
641,-0.1599999999999997,0.020000000000000018,-0.10999999999999988,0.15000000000000013,-0.21999999999999997
642,0.5199999999999997,0.07999999999999996,0.21999999999999975,0.09999999999999998,0.12
643,0.1200000000000001,-0.020000000000000018,-0.029999999999999805,-0.050000000000000044,0.21999999999999997
644,-0.2799999999999998,-0.13,0.08000000000000007,-0.05999999999999994,-0.16999999999999993
645,-0.8600000000000002,-0.20999999999999996,-0.18000000000000016,-0.3600000000000001,-0.10999999999999999
646,-0.2699999999999997,-0.31000000000000005,-0.13999999999999968,-0.15999999999999992,0.33999999999999997
647,-0.2300000000000002,-0.1399999999999999,0.029999999999999805,0.09999999999999987,-0.21999999999999997
648,0.08999999999999975,0.07999999999999985,-0.040000000000000036,0.28,-0.2300000000000001
649,2.3600000000000003,0.09000000000000008,2.24,-0.030000000000000027,0.06000000000000005
650,0.7000000000000001,0.35,-0.20999999999999996,0.0,0.56
651,0.26,-0.010000000000000009,0.05999999999999994,0.19000000000000006,0.020000000000000018
652,1.1102230246251565e-16,0.030000000000000027,0.21000000000000008,-0.09999999999999998,-0.14
653,-0.32,-0.19000000000000006,-0.10999999999999999,0.20000000000000007,-0.22000000000000003
654,-0.44999999999999984,-0.07999999999999985,-0.30000000000000004,0.14,-0.20999999999999996
655,-1.07,-0.15000000000000013,-0.58,-0.030000000000000027,-0.30999999999999994
656,-1.1300000000000003,-0.27,-0.7400000000000002,-0.10999999999999999,-0.010000000000000009
657,-0.4399999999999996,-0.15999999999999992,-0.3099999999999996,-0.33999999999999997,0.3699999999999999
658,-0.7900000000000001,-0.26,-0.010000000000000231,-0.5,-0.019999999999999907
659,-1.0700000000000003,-0.5000000000000002,0.1200000000000001,-0.5300000000000002,-0.16000000000000003
660,-0.99,-0.31999999999999984,-0.0900000000000003,-0.5499999999999998,-0.030000000000000027
661,-0.6199999999999997,-0.1499999999999999,-0.21999999999999975,-0.1200000000000001,-0.1299999999999999
662,-0.6200000000000001,-0.14000000000000012,-0.6200000000000001,0.3600000000000003,-0.2200000000000002
663,-0.8799999999999999,-0.2599999999999998,-0.8300000000000001,0.41999999999999993,-0.20999999999999996
664,-1.4500000000000002,-0.18999999999999995,-0.96,-0.03000000000000025,-0.27
665,-1.1400000000000001,-0.4900000000000002,-0.54,-0.06000000000000005,-0.04999999999999982
666,-0.7399999999999998,-0.5499999999999998,-0.08000000000000007,-0.31999999999999984,0.20999999999999996
667,-0.3600000000000003,-0.3100000000000005,-0.08999999999999986,0.020000000000000018,0.020000000000000018
668,0.48000000000000065,0.11000000000000032,-0.009999999999999787,0.4500000000000002,-0.07000000000000006
669,2.149999999999999,0.5099999999999998,0.8599999999999994,0.8299999999999998,-0.050000000000000044
670,0.17000000000000082,0.5900000000000003,-0.22999999999999954,0.020000000000000018,-0.20999999999999996
671,-0.76,-0.16000000000000014,-0.25,0.030000000000000027,-0.3799999999999999
672,-1.1700000000000006,-0.14000000000000012,-0.5200000000000005,-0.30000000000000004,-0.20999999999999996
673,-1.4700000000000002,-0.33000000000000007,-0.5899999999999999,-0.48,-0.07000000000000028
674,-1.2999999999999996,-0.21999999999999975,-0.3700000000000001,-0.5799999999999998,-0.1299999999999999
675,0.6200000000000006,-0.009999999999999787,0.8100000000000005,-0.18000000000000016,0.0
676,0.27999999999999936,0.009999999999999787,-0.020000000000000462,0.25,0.040000000000000036
677,0.1700000000000006,0.0,-0.39999999999999947,0.55,0.020000000000000018
678,-1.22,-0.20999999999999996,-0.6699999999999999,-0.030000000000000027,-0.31000000000000005
679,-1.3900000000000001,-0.33999999999999986,-0.6600000000000001,0.040000000000000036,-0.43000000000000016
680,-1.1600000000000006,-0.35000000000000053,-0.28000000000000025,-0.3500000000000001,-0.17999999999999972
681,-0.5999999999999996,-0.11999999999999922,-0.16000000000000014,-0.48,0.1599999999999997
682,3.6200000000000006,2.2699999999999996,-0.1999999999999993,-0.020000000000000018,1.5700000000000003
683,0.3299999999999996,0.25,0.019999999999999574,-0.06999999999999984,0.1299999999999999
684,-0.3699999999999992,-0.06000000000000005,-0.6199999999999992,0.48,-0.16999999999999993
685,-0.09000000000000097,-0.08000000000000007,-0.7200000000000006,0.5799999999999998,0.1299999999999999
686,-0.6800000000000008,-0.18999999999999995,-0.46000000000000085,-0.06000000000000005,0.030000000000000027
687,-0.7099999999999991,-0.25,-0.1999999999999993,-0.1499999999999999,-0.10999999999999988
688,-0.5700000000000007,-0.10000000000000009,-0.14000000000000057,-0.3400000000000001,0.010000000000000009
689,-0.20999999999999952,0.07000000000000028,-0.33999999999999986,0.040000000000000036,0.020000000000000018
690,1.72,1.62,-0.08999999999999986,0.4099999999999999,-0.2200000000000002
691,-0.040000000000000036,0.020000000000000018,-0.5600000000000005,0.7000000000000002,-0.19999999999999973
692,-0.9199999999999995,-0.08000000000000007,-0.6999999999999993,0.10999999999999988,-0.25
693,-0.5599999999999998,-0.22999999999999998,-0.2599999999999998,-0.09000000000000008,0.020000000000000018
694,-0.13000000000000078,-0.050000000000000266,-0.0600000000000005,-0.2799999999999998,0.2599999999999998
695,0.18000000000000105,0.2200000000000002,-0.03999999999999915,-0.020000000000000018,0.020000000000000018
696,2.169999999999999,2.08,-0.14000000000000057,0.19999999999999996,0.029999999999999805
697,0.02000000000000078,0.020000000000000004,-0.3699999999999992,0.32999999999999996,0.040000000000000036
698,-0.5000000000000004,0.030000000000000002,-0.3100000000000005,0.030000000000000027,-0.25
699,-0.9600000000000003,0.0,-0.6400000000000006,-0.12,-0.19999999999999973
700,-0.8200000000000001,-0.030000000000000002,-0.41999999999999993,-0.29000000000000004,-0.08000000000000007
